Date,Time,name,pressurecpufull,diskwrite,running-qemu,agent,pressurememorysome,status,diskread,pressurememoryfull,cpu,running-machine,cpus,uptime,maxdisk,pressureiofull,freemem,ha,pressurecpusome,pid,netout,blockstat,vmid,qmpstatus,mem,balloon,memhost,nics,netin,disk,pressureiosome,ballooninfo,maxmem,proxmox-support,scsihw,memory,vmgenid,net0,cores,digest,ide2,smbios1,ostype,meta,numa,scsi0,boot,sockets
2026-02-18,23:42:37,Node1-Ubuntu,0,2590393344,10.1.2,1,0,running,749951926,0,x86-64-v2-AES,pc-i440fx-10.1+pve0,1,361374,32212254720,0,597929984,{'managed': 0},0,29631,5659262,"{'ide2': {'wr_highest_offset': 0, 'zone_append_merged': 0, 'wr_merged': 0, 'zone_append_total_time_ns': 0, 'invalid_rd_operations': 0, 'wr_operations': 0, 'idle_time_ns': 4472567652312, 'wr_total_time_ns': 0, 'failed_wr_operations': 0, 'account_invalid': True, 'failed_zone_append_operations': 0, 'failed_rd_operations': 0, 'flush_total_time_ns': 0, 'unmap_merged': 0, 'invalid_zone_append_operations': 0, 'rd_bytes': 2159030, 'unmap_total_time_ns': 0, 'zone_append_operations': 0, 'invalid_flush_operations': 0, 'wr_bytes': 0, 'invalid_wr_operations': 0, 'unmap_bytes': 0, 'account_failed': True, 'invalid_unmap_operations': 0, 'rd_total_time_ns': 32211724, 'flush_operations': 0, 'zone_append_bytes': 0, 'failed_unmap_operations': 0, 'rd_operations': 81, 'unmap_operations': 0, 'rd_merged': 0, 'failed_flush_operations': 0, 'timed_stats': []}, 'scsi0': {'wr_highest_offset': 13040144384, 'wr_merged': 0, 'zone_append_merged': 0, 'zone_append_total_time_ns': 0, 'invalid_rd_operations': 0, 'idle_time_ns': 8966618793, 'wr_total_time_ns': 883122863152, 'wr_operations': 117504, 'failed_rd_operations': 0, 'failed_zone_append_operations': 0, 'account_invalid': True, 'failed_wr_operations': 0, 'invalid_zone_append_operations': 0, 'unmap_merged': 0, 'flush_total_time_ns': 5121845866, 'unmap_total_time_ns': 10370609, 'rd_bytes': 747792896, 'invalid_flush_operations': 0, 'zone_append_operations': 0, 'wr_bytes': 2590393344, 'invalid_wr_operations': 0, 'unmap_bytes': 11690205184, 'account_failed': True, 'rd_operations': 18348, 'failed_unmap_operations': 0, 'zone_append_bytes': 0, 'flush_operations': 10387, 'invalid_unmap_operations': 0, 'rd_total_time_ns': 83897865626, 'unmap_operations': 4271, 'timed_stats': [], 'failed_flush_operations': 0, 'rd_merged': 0}}",100,running,937177088,1610612736,1277598720,"{'tap100i0': {'netout': 5659262, 'netin': 176870789}}",176870789,0,0,"{'mem_swapped_in': 0, 'total_mem': 1535107072, 'actual': 1610612736, 'minor_page_faults': 4173303, 'free_mem': 597929984, 'major_page_faults': 1684, 'last_update': 1771458156, 'mem_swapped_out': 0, 'max_mem': 1610612736}",1610612736,"{'pbs-library-version': '2.0.1 (2b8ebba0cffecd479f296aaad82d8bec89355599)', 'pbs-dirty-bitmap': True, 'query-bitmap-info': True, 'pbs-dirty-bitmap-migration': True, 'backup-max-workers': True, 'backup-fleecing': True, 'pbs-masterkey': True, 'backup-access-api': True, 'pbs-dirty-bitmap-savevm': True}",virtio-scsi-single,1536,40e6bb2d-24f5-4910-a09d-285bc1d29dec,"virtio=BC:24:11:DE:FC:CC,bridge=vmbr0,firewall=1",1,fad89dd6df97105e5979d4429e81e6b4eaf44a30,"local:iso/ubuntu-24.04.3-live-server-amd64.iso,media=cdrom,size=3226020K",uuid=c1bc3497-dd62-401f-a3d5-f3cd73e82594,l26,"creation-qemu=10.1.2,ctime=1770853142",0,"local-lvm:vm-100-disk-0,iothread=1,size=30G",order=scsi0;ide2;net0,1
2026-02-19,00:00:02,Node1-Ubuntu,0,2595623936,1,10.1.2,0,running,749951946,0,x86-64-v2-AES,pc-i440fx-10.1+pve0,1,362419,32212254720,0,589942784,{'managed': 0},0,29631,5681876,"{'scsi0': {'wr_operations': 118371, 'idle_time_ns': 11065430971, 'wr_total_time_ns': 886243319724, 'zone_append_total_time_ns': 0, 'invalid_rd_operations': 0, 'zone_append_merged': 0, 'wr_merged': 0, 'wr_highest_offset': 13040144384, 'invalid_flush_operations': 0, 'zone_append_operations': 0, 'rd_bytes': 747792896, 'unmap_total_time_ns': 10370609, 'unmap_merged': 0, 'flush_total_time_ns': 5152059755, 'invalid_zone_append_operations': 0, 'failed_zone_append_operations': 0, 'failed_wr_operations': 0, 'account_invalid': True, 'failed_rd_operations': 0, 'unmap_bytes': 11690205184, 'invalid_wr_operations': 0, 'wr_bytes': 2595623936, 'rd_merged': 0, 'timed_stats': [], 'failed_flush_operations': 0, 'unmap_operations': 4271, 'zone_append_bytes': 0, 'flush_operations': 10448, 'invalid_unmap_operations': 0, 'rd_total_time_ns': 83897865626, 'rd_operations': 18348, 'failed_unmap_operations': 0, 'account_failed': True}, 'ide2': {'rd_merged': 0, 'timed_stats': [], 'failed_flush_operations': 0, 'unmap_operations': 0, 'flush_operations': 0, 'zone_append_bytes': 0, 'invalid_unmap_operations': 0, 'rd_total_time_ns': 32417076, 'rd_operations': 82, 'failed_unmap_operations': 0, 'account_failed': True, 'unmap_bytes': 0, 'invalid_wr_operations': 0, 'wr_bytes': 0, 'zone_append_operations': 0, 'invalid_flush_operations': 0, 'rd_bytes': 2159050, 'unmap_total_time_ns': 0, 'unmap_merged': 0, 'flush_total_time_ns': 0, 'invalid_zone_append_operations': 0, 'failed_zone_append_operations': 0, 'failed_wr_operations': 0, 'account_invalid': True, 'failed_rd_operations': 0, 'wr_operations': 0, 'idle_time_ns': 268404033288, 'wr_total_time_ns': 0, 'invalid_rd_operations': 0, 'zone_append_total_time_ns': 0, 'zone_append_merged': 0, 'wr_merged': 0, 'wr_highest_offset': 0}}",running,100,945164288,1277666304,1610612736,"{'tap100i0': {'netin': 177030400, 'netout': 5681876}}",177030400,0,"{'total_mem': 1535107072, 'mem_swapped_in': 0, 'free_mem': 589942784, 'major_page_faults': 1684, 'actual': 1610612736, 'minor_page_faults': 4199103, 'last_update': 1771459201, 'max_mem': 1610612736, 'mem_swapped_out': 0}",0,"{'backup-max-workers': True, 'pbs-dirty-bitmap-migration': True, 'backup-fleecing': True, 'pbs-masterkey': True, 'backup-access-api': True, 'pbs-dirty-bitmap-savevm': True, 'pbs-library-version': '2.0.1 (2b8ebba0cffecd479f296aaad82d8bec89355599)', 'pbs-dirty-bitmap': True, 'query-bitmap-info': True}",1610612736,order=scsi0;ide2;net0,"local-lvm:vm-100-disk-0,iothread=1,size=30G","creation-qemu=10.1.2,ctime=1770853142",0,1,uuid=c1bc3497-dd62-401f-a3d5-f3cd73e82594,l26,"local:iso/ubuntu-24.04.3-live-server-amd64.iso,media=cdrom,size=3226020K",fad89dd6df97105e5979d4429e81e6b4eaf44a30,"virtio=BC:24:11:DE:FC:CC,bridge=vmbr0,firewall=1",1,40e6bb2d-24f5-4910-a09d-285bc1d29dec,1536,virtio-scsi-single
2026-02-19,01:00:10,running,0,pc-i440fx-10.1+pve0,x86-64-v2-AES,0,749951966,Node1-Ubuntu,1,10.1.2,2619466752,0,177616691,"{'tap100i0': {'netout': 5781635, 'netin': 177616691}}",1277683712,1610612736,"{'query-bitmap-info': True, 'pbs-dirty-bitmap': True, 'pbs-library-version': '2.0.1 (2b8ebba0cffecd479f296aaad82d8bec89355599)', 'pbs-dirty-bitmap-savevm': True, 'backup-access-api': True, 'pbs-masterkey': True, 'backup-fleecing': True, 'pbs-dirty-bitmap-migration': True, 'backup-max-workers': True}",1610612736,"{'mem_swapped_in': 0, 'total_mem': 1535107072, 'actual': 1610612736, 'minor_page_faults': 4289271, 'major_page_faults': 1686, 'free_mem': 588464128, 'last_update': 1771462808, 'mem_swapped_out': 0, 'max_mem': 1610612736}",0,0,1,366027,100,running,946642944,"{'scsi0': {'rd_operations': 18348, 'failed_unmap_operations': 0, 'flush_operations': 10682, 'zone_append_bytes': 0, 'rd_total_time_ns': 83897865626, 'invalid_unmap_operations': 0, 'account_failed': True, 'timed_stats': [], 'failed_flush_operations': 0, 'rd_merged': 0, 'unmap_operations': 4271, 'invalid_wr_operations': 0, 'wr_bytes': 2619466752, 'unmap_bytes': 11690205184, 'invalid_zone_append_operations': 0, 'unmap_merged': 0, 'flush_total_time_ns': 5296355168, 'failed_rd_operations': 0, 'failed_zone_append_operations': 0, 'failed_wr_operations': 0, 'account_invalid': True, 'zone_append_operations': 0, 'invalid_flush_operations': 0, 'unmap_total_time_ns': 10370609, 'rd_bytes': 747792896, 'wr_merged': 0, 'zone_append_merged': 0, 'wr_highest_offset': 13040144384, 'wr_total_time_ns': 902485441917, 'idle_time_ns': 8170596536, 'wr_operations': 121702, 'zone_append_total_time_ns': 0, 'invalid_rd_operations': 0}, 'ide2': {'flush_total_time_ns': 0, 'unmap_merged': 0, 'invalid_zone_append_operations': 0, 'account_invalid': True, 'failed_wr_operations': 0, 'failed_zone_append_operations': 0, 'failed_rd_operations': 0, 'invalid_flush_operations': 0, 'zone_append_operations': 0, 'rd_bytes': 2159070, 'unmap_total_time_ns': 0, 'zone_append_merged': 0, 'wr_merged': 0, 'wr_highest_offset': 0, 'wr_operations': 0, 'wr_total_time_ns': 0, 'idle_time_ns': 136118482014, 'zone_append_total_time_ns': 0, 'invalid_rd_operations': 0, 'invalid_unmap_operations': 0, 'rd_total_time_ns': 32616157, 'zone_append_bytes': 0, 'flush_operations': 0, 'failed_unmap_operations': 0, 'rd_operations': 83, 'account_failed': True, 'rd_merged': 0, 'failed_flush_operations': 0, 'timed_stats': [], 'unmap_operations': 0, 'invalid_wr_operations': 0, 'wr_bytes': 0, 'unmap_bytes': 0}}",29631,5781635,0,{'managed': 0},588464128,0,32212254720,fad89dd6df97105e5979d4429e81e6b4eaf44a30,"local:iso/ubuntu-24.04.3-live-server-amd64.iso,media=cdrom,size=3226020K",l26,uuid=c1bc3497-dd62-401f-a3d5-f3cd73e82594,1,order=scsi0;ide2;net0,"local-lvm:vm-100-disk-0,iothread=1,size=30G","creation-qemu=10.1.2,ctime=1770853142",0,virtio-scsi-single,1536,40e6bb2d-24f5-4910-a09d-285bc1d29dec,1,"virtio=BC:24:11:DE:FC:CC,bridge=vmbr0,firewall=1"
2026-02-19,03:00:02,{'managed': 0},0,32212254720,0,581361664,running,953745408,100,29631,6024057,"{'ide2': {'zone_append_total_time_ns': 0, 'invalid_rd_operations': 0, 'wr_operations': 0, 'idle_time_ns': 981067082175, 'wr_total_time_ns': 0, 'wr_highest_offset': 0, 'zone_append_merged': 0, 'wr_merged': 0, 'rd_bytes': 2159090, 'unmap_total_time_ns': 0, 'invalid_flush_operations': 0, 'zone_append_operations': 0, 'failed_zone_append_operations': 0, 'account_invalid': True, 'failed_wr_operations': 0, 'failed_rd_operations': 0, 'unmap_merged': 0, 'flush_total_time_ns': 0, 'invalid_zone_append_operations': 0, 'unmap_bytes': 0, 'wr_bytes': 0, 'invalid_wr_operations': 0, 'unmap_operations': 0, 'rd_merged': 0, 'timed_stats': [], 'failed_flush_operations': 0, 'account_failed': True, 'flush_operations': 0, 'zone_append_bytes': 0, 'invalid_unmap_operations': 0, 'rd_total_time_ns': 32813346, 'rd_operations': 84, 'failed_unmap_operations': 0}, 'scsi0': {'wr_bytes': 2658505728, 'invalid_wr_operations': 0, 'unmap_bytes': 11690205184, 'account_failed': True, 'zone_append_bytes': 0, 'flush_operations': 11096, 'rd_total_time_ns': 83897865626, 'invalid_unmap_operations': 0, 'rd_operations': 18348, 'failed_unmap_operations': 0, 'unmap_operations': 4271, 'rd_merged': 0, 'timed_stats': [], 'failed_flush_operations': 0, 'wr_highest_offset': 13040144384, 'zone_append_merged': 0, 'wr_merged': 0, 'invalid_rd_operations': 0, 'zone_append_total_time_ns': 0, 'wr_operations': 128270, 'wr_total_time_ns': 928116103999, 'idle_time_ns': 24027153151, 'failed_zone_append_operations': 0, 'account_invalid': True, 'failed_wr_operations': 0, 'failed_rd_operations': 0, 'unmap_merged': 0, 'flush_total_time_ns': 5509638789, 'invalid_zone_append_operations': 0, 'rd_bytes': 747792896, 'unmap_total_time_ns': 10370609, 'invalid_flush_operations': 0, 'zone_append_operations': 0}}",1,373219,"{'mem_swapped_out': 0, 'max_mem': 1610612736, 'last_update': 1771470001, 'free_mem': 581361664, 'major_page_faults': 1692, 'actual': 1610612736, 'minor_page_faults': 4450068, 'total_mem': 1535107072, 'mem_swapped_in': 0}",0,0,1610612736,"{'backup-fleecing': True, 'pbs-masterkey': True, 'backup-access-api': True, 'pbs-dirty-bitmap-savevm': True, 'pbs-dirty-bitmap-migration': True, 'backup-max-workers': True, 'pbs-library-version': '2.0.1 (2b8ebba0cffecd479f296aaad82d8bec89355599)', 'pbs-dirty-bitmap': True, 'query-bitmap-info': True}",1277693952,1610612736,178797644,"{'tap100i0': {'netout': 6024057, 'netin': 178797644}}",0,10.1.2,1,2658505728,Node1-Ubuntu,x86-64-v2-AES,pc-i440fx-10.1+pve0,749951986,0,running,0,1,"local-lvm:vm-100-disk-0,iothread=1,size=30G",order=scsi0;ide2;net0,0,"creation-qemu=10.1.2,ctime=1770853142",l26,uuid=c1bc3497-dd62-401f-a3d5-f3cd73e82594,"local:iso/ubuntu-24.04.3-live-server-amd64.iso,media=cdrom,size=3226020K",fad89dd6df97105e5979d4429e81e6b4eaf44a30,1,"virtio=BC:24:11:DE:FC:CC,bridge=vmbr0,firewall=1",40e6bb2d-24f5-4910-a09d-285bc1d29dec,1536,virtio-scsi-single
2026-02-19,04:00:02,running,946737152,100,6145276,29631,"{'ide2': {'failed_zone_append_operations': 0, 'failed_wr_operations': 0, 'account_invalid': True, 'failed_rd_operations': 0, 'unmap_merged': 0, 'flush_total_time_ns': 0, 'invalid_zone_append_operations': 0, 'rd_bytes': 2159110, 'unmap_total_time_ns': 0, 'invalid_flush_operations': 0, 'zone_append_operations': 0, 'wr_highest_offset': 0, 'zone_append_merged': 0, 'wr_merged': 0, 'invalid_rd_operations': 0, 'zone_append_total_time_ns': 0, 'wr_operations': 0, 'idle_time_ns': 1760531196341, 'wr_total_time_ns': 0, 'account_failed': True, 'zone_append_bytes': 0, 'flush_operations': 0, 'rd_total_time_ns': 33005256, 'invalid_unmap_operations': 0, 'rd_operations': 85, 'failed_unmap_operations': 0, 'unmap_operations': 0, 'rd_merged': 0, 'timed_stats': [], 'failed_flush_operations': 0, 'wr_bytes': 0, 'invalid_wr_operations': 0, 'unmap_bytes': 0}, 'scsi0': {'wr_merged': 0, 'zone_append_merged': 0, 'wr_highest_offset': 13040144384, 'idle_time_ns': 10298521572, 'wr_total_time_ns': 939796410362, 'wr_operations': 131522, 'invalid_rd_operations': 0, 'zone_append_total_time_ns': 0, 'invalid_zone_append_operations': 0, 'flush_total_time_ns': 5613397978, 'unmap_merged': 0, 'failed_rd_operations': 0, 'account_invalid': True, 'failed_wr_operations': 0, 'failed_zone_append_operations': 0, 'invalid_flush_operations': 0, 'zone_append_operations': 0, 'unmap_total_time_ns': 10370609, 'rd_bytes': 747792896, 'invalid_wr_operations': 0, 'wr_bytes': 2677474304, 'unmap_bytes': 11690205184, 'failed_unmap_operations': 0, 'rd_operations': 18348, 'rd_total_time_ns': 83897865626, 'invalid_unmap_operations': 0, 'zone_append_bytes': 0, 'flush_operations': 11300, 'account_failed': True, 'failed_flush_operations': 0, 'timed_stats': [], 'rd_merged': 0, 'unmap_operations': 4271}}",{'managed': 0},0,32212254720,0,588369920,376819,1,"{'backup-max-workers': True, 'pbs-dirty-bitmap-migration': True, 'pbs-dirty-bitmap-savevm': True, 'backup-access-api': True, 'pbs-masterkey': True, 'backup-fleecing': True, 'query-bitmap-info': True, 'pbs-dirty-bitmap': True, 'pbs-library-version': '2.0.1 (2b8ebba0cffecd479f296aaad82d8bec89355599)'}",1610612736,"{'mem_swapped_in': 0, 'total_mem': 1535107072, 'actual': 1610612736, 'minor_page_faults': 4526048, 'free_mem': 588369920, 'major_page_faults': 1692, 'last_update': 1771473601, 'mem_swapped_out': 0, 'max_mem': 1610612736}",0,0,179387699,"{'tap100i0': {'netin': 179387699, 'netout': 6145276}}",1610612736,1277693952,1,10.1.2,2677474304,0,Node1-Ubuntu,x86-64-v2-AES,pc-i440fx-10.1+pve0,0,749952006,running,0,uuid=c1bc3497-dd62-401f-a3d5-f3cd73e82594,l26,"creation-qemu=10.1.2,ctime=1770853142",0,order=scsi0;ide2;net0,"local-lvm:vm-100-disk-0,iothread=1,size=30G",1,fad89dd6df97105e5979d4429e81e6b4eaf44a30,"local:iso/ubuntu-24.04.3-live-server-amd64.iso,media=cdrom,size=3226020K",40e6bb2d-24f5-4910-a09d-285bc1d29dec,"virtio=BC:24:11:DE:FC:CC,bridge=vmbr0,firewall=1",1,virtio-scsi-single,1536
2026-02-19,05:00:02,380419,1,6264312,29631,"{'ide2': {'invalid_rd_operations': 0, 'zone_append_total_time_ns': 0, 'wr_total_time_ns': 0, 'idle_time_ns': 1735259284433, 'wr_operations': 0, 'wr_highest_offset': 0, 'wr_merged': 0, 'zone_append_merged': 0, 'unmap_total_time_ns': 0, 'rd_bytes': 2159130, 'zone_append_operations': 0, 'invalid_flush_operations': 0, 'failed_rd_operations': 0, 'account_invalid': True, 'failed_wr_operations': 0, 'failed_zone_append_operations': 0, 'invalid_zone_append_operations': 0, 'flush_total_time_ns': 0, 'unmap_merged': 0, 'unmap_bytes': 0, 'wr_bytes': 0, 'invalid_wr_operations': 0, 'unmap_operations': 0, 'failed_flush_operations': 0, 'timed_stats': [], 'rd_merged': 0, 'account_failed': True, 'failed_unmap_operations': 0, 'rd_operations': 86, 'invalid_unmap_operations': 0, 'rd_total_time_ns': 33177612, 'flush_operations': 0, 'zone_append_bytes': 0}, 'scsi0': {'zone_append_merged': 0, 'wr_merged': 0, 'wr_highest_offset': 13040144384, 'wr_operations': 134727, 'idle_time_ns': 2161091316, 'wr_total_time_ns': 951308661099, 'invalid_rd_operations': 0, 'zone_append_total_time_ns': 0, 'flush_total_time_ns': 5709904929, 'unmap_merged': 0, 'invalid_zone_append_operations': 0, 'failed_wr_operations': 0, 'account_invalid': True, 'failed_zone_append_operations': 0, 'failed_rd_operations': 0, 'invalid_flush_operations': 0, 'zone_append_operations': 0, 'rd_bytes': 747792896, 'unmap_total_time_ns': 10370609, 'invalid_wr_operations': 0, 'wr_bytes': 2696082432, 'unmap_bytes': 11690205184, 'invalid_unmap_operations': 0, 'rd_total_time_ns': 83897865626, 'flush_operations': 11497, 'zone_append_bytes': 0, 'failed_unmap_operations': 0, 'rd_operations': 18348, 'account_failed': True, 'rd_merged': 0, 'failed_flush_operations': 0, 'timed_stats': [], 'unmap_operations': 4271}}",938496000,running,100,32212254720,596611072,0,{'managed': 0},0,"{'tap100i0': {'netin': 179978420, 'netout': 6264312}}",179978420,1277693952,1610612736,1610612736,"{'backup-max-workers': True, 'pbs-dirty-bitmap-migration': True, 'backup-access-api': True, 'pbs-masterkey': True, 'backup-fleecing': True, 'pbs-dirty-bitmap-savevm': True, 'pbs-library-version': '2.0.1 (2b8ebba0cffecd479f296aaad82d8bec89355599)', 'query-bitmap-info': True, 'pbs-dirty-bitmap': True}",0,0,"{'last_update': 1771477201, 'max_mem': 1610612736, 'mem_swapped_out': 0, 'total_mem': 1535107072, 'mem_swapped_in': 0, 'major_page_faults': 1692, 'free_mem': 596611072, 'minor_page_faults': 4601601, 'actual': 1610612736}",Node1-Ubuntu,2696082432,1,10.1.2,0,0,running,0,749952026,x86-64-v2-AES,pc-i440fx-10.1+pve0,40e6bb2d-24f5-4910-a09d-285bc1d29dec,1,"virtio=BC:24:11:DE:FC:CC,bridge=vmbr0,firewall=1",virtio-scsi-single,1536,l26,uuid=c1bc3497-dd62-401f-a3d5-f3cd73e82594,1,"local-lvm:vm-100-disk-0,iothread=1,size=30G",order=scsi0;ide2;net0,"creation-qemu=10.1.2,ctime=1770853142",0,fad89dd6df97105e5979d4429e81e6b4eaf44a30,"local:iso/ubuntu-24.04.3-live-server-amd64.iso,media=cdrom,size=3226020K"
2026-02-19,06:00:03,Node1-Ubuntu,3049460736,10.1.2,1,0,0,running,749952046,0,x86-64-v2-AES,pc-i440fx-10.1+pve0,384020,1,29631,6470596,"{'ide2': {'invalid_flush_operations': 0, 'zone_append_operations': 0, 'rd_bytes': 2159150, 'unmap_total_time_ns': 0, 'flush_total_time_ns': 0, 'unmap_merged': 0, 'invalid_zone_append_operations': 0, 'failed_wr_operations': 0, 'account_invalid': True, 'failed_zone_append_operations': 0, 'failed_rd_operations': 0, 'wr_operations': 0, 'idle_time_ns': 3201884576406, 'wr_total_time_ns': 0, 'zone_append_total_time_ns': 0, 'invalid_rd_operations': 0, 'zone_append_merged': 0, 'wr_merged': 0, 'wr_highest_offset': 0, 'rd_merged': 0, 'failed_flush_operations': 0, 'timed_stats': [], 'unmap_operations': 0, 'rd_total_time_ns': 33370797, 'invalid_unmap_operations': 0, 'zone_append_bytes': 0, 'flush_operations': 0, 'failed_unmap_operations': 0, 'rd_operations': 87, 'account_failed': True, 'unmap_bytes': 0, 'invalid_wr_operations': 0, 'wr_bytes': 0}, 'scsi0': {'invalid_rd_operations': 0, 'zone_append_total_time_ns': 0, 'wr_total_time_ns': 997135170735, 'idle_time_ns': 349818167, 'wr_operations': 138875, 'wr_highest_offset': 13040144384, 'wr_merged': 0, 'zone_append_merged': 0, 'unmap_total_time_ns': 10370609, 'rd_bytes': 747792896, 'zone_append_operations': 0, 'invalid_flush_operations': 0, 'failed_rd_operations': 0, 'failed_zone_append_operations': 0, 'account_invalid': True, 'failed_wr_operations': 0, 'invalid_zone_append_operations': 0, 'unmap_merged': 0, 'flush_total_time_ns': 5826142629, 'unmap_bytes': 11690205184, 'wr_bytes': 3049460736, 'invalid_wr_operations': 0, 'unmap_operations': 4271, 'timed_stats': [], 'failed_flush_operations': 0, 'rd_merged': 0, 'account_failed': True, 'rd_operations': 18348, 'failed_unmap_operations': 0, 'flush_operations': 11738, 'zone_append_bytes': 0, 'invalid_unmap_operations': 0, 'rd_total_time_ns': 83897865626}}",100,running,993378304,32212254720,0,541728768,{'managed': 0},0,"{'tap100i0': {'netout': 6470596, 'netin': 189248730}}",189248730,1225367552,1610612736,1610612736,"{'query-bitmap-info': True, 'pbs-dirty-bitmap': True, 'pbs-library-version': '2.0.1 (2b8ebba0cffecd479f296aaad82d8bec89355599)', 'pbs-dirty-bitmap-savevm': True, 'backup-access-api': True, 'pbs-masterkey': True, 'backup-fleecing': True, 'backup-max-workers': True, 'pbs-dirty-bitmap-migration': True}",0,"{'minor_page_faults': 4911126, 'actual': 1610612736, 'major_page_faults': 1692, 'free_mem': 541728768, 'mem_swapped_in': 0, 'total_mem': 1535107072, 'mem_swapped_out': 0, 'max_mem': 1610612736, 'last_update': 1771480801}",0,1,order=scsi0;ide2;net0,"local-lvm:vm-100-disk-0,iothread=1,size=30G",0,"creation-qemu=10.1.2,ctime=1770853142",l26,uuid=c1bc3497-dd62-401f-a3d5-f3cd73e82594,"local:iso/ubuntu-24.04.3-live-server-amd64.iso,media=cdrom,size=3226020K",fad89dd6df97105e5979d4429e81e6b4eaf44a30,1,"virtio=BC:24:11:DE:FC:CC,bridge=vmbr0,firewall=1",40e6bb2d-24f5-4910-a09d-285bc1d29dec,1536,virtio-scsi-single
2026-02-24,01:00:04,851689472,1095577600,100,20446774,32212254720,0,0,635091554,"{'free_mem': 683417600, 'total_mem': 1535107072, 'mem_swapped_in': 0, 'max_mem': 1610612736, 'major_page_faults': 1624, 'mem_swapped_out': 0, 'actual': 1610612736, 'last_update': 1771894803, 'minor_page_faults': 790898}",0,520627200,1,running,{'managed': 0},pc-i440fx-10.1+pve0,683417600,1216,1,running,23968,0,1610612736,Node1-Ubuntu,10.1.2,"{'tap100i0': {'netin': 20446774, 'netout': 862472}}","{'pbs-library-version': '2.0.1 (2b8ebba0cffecd479f296aaad82d8bec89355599)', 'pbs-masterkey': True, 'pbs-dirty-bitmap': True, 'backup-access-api': True, 'backup-fleecing': True, 'query-bitmap-info': True, 'pbs-dirty-bitmap-savevm': True, 'backup-max-workers': True, 'pbs-dirty-bitmap-migration': True}",0,0,1610612736,862472,x86-64-v2-AES,"{'ide2': {'failed_rd_operations': 0, 'zone_append_total_time_ns': 0, 'rd_operations': 64, 'wr_operations': 0, 'zone_append_merged': 0, 'zone_append_bytes': 0, 'invalid_wr_operations': 0, 'account_failed': True, 'rd_total_time_ns': 297379205, 'invalid_rd_operations': 0, 'rd_merged': 0, 'failed_wr_operations': 0, 'wr_merged': 0, 'wr_total_time_ns': 0, 'invalid_zone_append_operations': 0, 'timed_stats': [], 'failed_unmap_operations': 0, 'idle_time_ns': 21763889160848, 'account_invalid': True, 'unmap_bytes': 0, 'flush_total_time_ns': 0, 'wr_highest_offset': 0, 'unmap_operations': 0, 'failed_zone_append_operations': 0, 'unmap_total_time_ns': 0, 'flush_operations': 0, 'zone_append_operations': 0, 'wr_bytes': 0, 'invalid_flush_operations': 0, 'rd_bytes': 2158690, 'failed_flush_operations': 0, 'unmap_merged': 0, 'invalid_unmap_operations': 0}, 'scsi0': {'invalid_unmap_operations': 0, 'invalid_flush_operations': 0, 'rd_bytes': 632932864, 'failed_flush_operations': 0, 'unmap_merged': 0, 'flush_operations': 1243, 'zone_append_operations': 0, 'wr_bytes': 520627200, 'unmap_total_time_ns': 12087888, 'failed_zone_append_operations': 0, 'wr_highest_offset': 15035666432, 'unmap_operations': 4339, 'flush_total_time_ns': 655238220, 'unmap_bytes': 11627769856, 'failed_unmap_operations': 0, 'idle_time_ns': 2233824754, 'account_invalid': True, 'wr_total_time_ns': 129029567735, 'invalid_zone_append_operations': 0, 'timed_stats': [], 'wr_merged': 0, 'rd_merged': 0, 'failed_wr_operations': 0, 'account_failed': True, 'rd_total_time_ns': 64574443400, 'invalid_rd_operations': 0, 'zone_append_bytes': 0, 'invalid_wr_operations': 0, 'wr_operations': 14686, 'zone_append_merged': 0, 'rd_operations': 14991, 'failed_rd_operations': 0, 'zone_append_total_time_ns': 0}}",0,"local-lvm:vm-100-disk-0,iothread=1,size=30G",1,uuid=c1bc3497-dd62-401f-a3d5-f3cd73e82594,order=scsi0;ide2;net0,fad89dd6df97105e5979d4429e81e6b4eaf44a30,l26,1536,"local:iso/ubuntu-24.04.3-live-server-amd64.iso,media=cdrom,size=3226020K",0,"creation-qemu=10.1.2,ctime=1770853142",virtio-scsi-single,40e6bb2d-24f5-4910-a09d-285bc1d29dec,1,"virtio=BC:24:11:DE:FC:CC,bridge=vmbr0,firewall=1"
2026-02-24,01:06:00,{'managed': 0},running,1,521765888,0,"{'free_mem': 683159552, 'total_mem': 1535107072, 'max_mem': 1610612736, 'mem_swapped_in': 0, 'major_page_faults': 1624, 'mem_swapped_out': 0, 'actual': 1610612736, 'minor_page_faults': 793765, 'last_update': 1771895159}",635091554,0,0,32212254720,20495240,100,851947520,1095577600,0,862888,0,x86-64-v2-AES,1610612736,"{'ide2': {'failed_unmap_operations': 0, 'account_invalid': True, 'idle_time_ns': 22119839319259, 'unmap_bytes': 0, 'flush_total_time_ns': 0, 'wr_highest_offset': 0, 'unmap_operations': 0, 'failed_zone_append_operations': 0, 'unmap_total_time_ns': 0, 'flush_operations': 0, 'zone_append_operations': 0, 'wr_bytes': 0, 'invalid_flush_operations': 0, 'failed_flush_operations': 0, 'rd_bytes': 2158690, 'unmap_merged': 0, 'invalid_unmap_operations': 0, 'failed_rd_operations': 0, 'zone_append_total_time_ns': 0, 'rd_operations': 64, 'wr_operations': 0, 'zone_append_merged': 0, 'zone_append_bytes': 0, 'invalid_wr_operations': 0, 'account_failed': True, 'rd_total_time_ns': 297379205, 'invalid_rd_operations': 0, 'rd_merged': 0, 'failed_wr_operations': 0, 'wr_merged': 0, 'invalid_zone_append_operations': 0, 'wr_total_time_ns': 0, 'timed_stats': []}, 'scsi0': {'unmap_bytes': 11627769856, 'failed_unmap_operations': 0, 'idle_time_ns': 22330466417, 'account_invalid': True, 'wr_highest_offset': 15035666432, 'unmap_operations': 4339, 'flush_total_time_ns': 662482017, 'flush_operations': 1258, 'wr_bytes': 521765888, 'zone_append_operations': 0, 'unmap_total_time_ns': 12087888, 'failed_zone_append_operations': 0, 'invalid_unmap_operations': 0, 'invalid_flush_operations': 0, 'failed_flush_operations': 0, 'rd_bytes': 632932864, 'unmap_merged': 0, 'rd_operations': 14991, 'failed_rd_operations': 0, 'zone_append_total_time_ns': 0, 'zone_append_bytes': 0, 'invalid_wr_operations': 0, 'wr_operations': 14905, 'zone_append_merged': 0, 'rd_merged': 0, 'failed_wr_operations': 0, 'account_failed': True, 'rd_total_time_ns': 64574443400, 'invalid_rd_operations': 0, 'wr_total_time_ns': 130298542036, 'invalid_zone_append_operations': 0, 'timed_stats': [], 'wr_merged': 0}}",0,"{'query-bitmap-info': True, 'backup-fleecing': True, 'backup-access-api': True, 'pbs-masterkey': True, 'pbs-library-version': '2.0.1 (2b8ebba0cffecd479f296aaad82d8bec89355599)', 'pbs-dirty-bitmap': True, 'pbs-dirty-bitmap-migration': True, 'backup-max-workers': True, 'pbs-dirty-bitmap-savevm': True}",10.1.2,"{'tap100i0': {'netout': 862888, 'netin': 20495240}}",1610612736,Node1-Ubuntu,0,running,24324,1216,683159552,1,pc-i440fx-10.1+pve0,"virtio=BC:24:11:DE:FC:CC,bridge=vmbr0,firewall=1",40e6bb2d-24f5-4910-a09d-285bc1d29dec,1,virtio-scsi-single,"creation-qemu=10.1.2,ctime=1770853142",0,1536,"local:iso/ubuntu-24.04.3-live-server-amd64.iso,media=cdrom,size=3226020K",fad89dd6df97105e5979d4429e81e6b4eaf44a30,l26,order=scsi0;ide2;net0,uuid=c1bc3497-dd62-401f-a3d5-f3cd73e82594,1,"local-lvm:vm-100-disk-0,iothread=1,size=30G"
2026-02-24,01:14:35,{'managed': 0},running,1,525005824,0,635091554,"{'max_mem': 1610612736, 'mem_swapped_in': 0, 'mem_swapped_out': 0, 'major_page_faults': 1624, 'actual': 1610612736, 'minor_page_faults': 798245, 'last_update': 1771895673, 'free_mem': 681869312, 'total_mem': 1535107072}",0,0,32212254720,20561012,100,1095577600,853237760,0,"{'ide2': {'flush_operations': 0, 'zone_append_operations': 0, 'wr_bytes': 0, 'failed_zone_append_operations': 0, 'unmap_total_time_ns': 0, 'invalid_unmap_operations': 0, 'rd_bytes': 2158690, 'failed_flush_operations': 0, 'unmap_merged': 0, 'invalid_flush_operations': 0, 'unmap_bytes': 0, 'idle_time_ns': 22634948868599, 'account_invalid': True, 'failed_unmap_operations': 0, 'wr_highest_offset': 0, 'unmap_operations': 0, 'flush_total_time_ns': 0, 'failed_wr_operations': 0, 'rd_merged': 0, 'invalid_rd_operations': 0, 'rd_total_time_ns': 297379205, 'account_failed': True, 'timed_stats': [], 'wr_total_time_ns': 0, 'invalid_zone_append_operations': 0, 'wr_merged': 0, 'rd_operations': 64, 'zone_append_total_time_ns': 0, 'failed_rd_operations': 0, 'invalid_wr_operations': 0, 'zone_append_bytes': 0, 'zone_append_merged': 0, 'wr_operations': 0}, 'scsi0': {'failed_unmap_operations': 0, 'account_invalid': True, 'idle_time_ns': 14683555210, 'unmap_bytes': 11627769856, 'flush_total_time_ns': 678650691, 'unmap_operations': 4339, 'wr_highest_offset': 15035666432, 'unmap_total_time_ns': 12087888, 'failed_zone_append_operations': 0, 'zone_append_operations': 0, 'wr_bytes': 525005824, 'flush_operations': 1291, 'invalid_flush_operations': 0, 'unmap_merged': 0, 'failed_flush_operations': 0, 'rd_bytes': 632932864, 'invalid_unmap_operations': 0, 'failed_rd_operations': 0, 'zone_append_total_time_ns': 0, 'rd_operations': 14991, 'wr_operations': 15533, 'zone_append_merged': 0, 'zone_append_bytes': 0, 'invalid_wr_operations': 0, 'rd_total_time_ns': 64574443400, 'account_failed': True, 'invalid_rd_operations': 0, 'rd_merged': 0, 'failed_wr_operations': 0, 'wr_merged': 0, 'invalid_zone_append_operations': 0, 'wr_total_time_ns': 133615440522, 'timed_stats': []}}",0,864032,x86-64-v2-AES,1610612736,0,"{'backup-max-workers': True, 'pbs-dirty-bitmap-migration': True, 'pbs-dirty-bitmap-savevm': True, 'query-bitmap-info': True, 'backup-fleecing': True, 'pbs-masterkey': True, 'pbs-dirty-bitmap': True, 'pbs-library-version': '2.0.1 (2b8ebba0cffecd479f296aaad82d8bec89355599)', 'backup-access-api': True}","{'tap100i0': {'netout': 864032, 'netin': 20561012}}",10.1.2,Node1-Ubuntu,1610612736,0,24839,running,1,1216,681869312,pc-i440fx-10.1+pve0,fad89dd6df97105e5979d4429e81e6b4eaf44a30,l26,order=scsi0;ide2;net0,uuid=c1bc3497-dd62-401f-a3d5-f3cd73e82594,"local-lvm:vm-100-disk-0,iothread=1,size=30G",1,"virtio=BC:24:11:DE:FC:CC,bridge=vmbr0,firewall=1",virtio-scsi-single,1,40e6bb2d-24f5-4910-a09d-285bc1d29dec,"creation-qemu=10.1.2,ctime=1770853142",0,1536,"local:iso/ubuntu-24.04.3-live-server-amd64.iso,media=cdrom,size=3226020K"
2026-02-24,01:16:26,"{'tap100i0': {'netout': 864518, 'netin': 20575770}}",10.1.2,0,"{'ide2': {'zone_append_merged': 0, 'wr_operations': 0, 'invalid_wr_operations': 0, 'zone_append_bytes': 0, 'zone_append_total_time_ns': 0, 'failed_rd_operations': 0, 'rd_operations': 64, 'wr_merged': 0, 'timed_stats': [], 'wr_total_time_ns': 0, 'invalid_zone_append_operations': 0, 'invalid_rd_operations': 0, 'rd_total_time_ns': 297379205, 'account_failed': True, 'failed_wr_operations': 0, 'rd_merged': 0, 'flush_total_time_ns': 0, 'unmap_operations': 0, 'wr_highest_offset': 0, 'idle_time_ns': 22745434822501, 'account_invalid': True, 'failed_unmap_operations': 0, 'unmap_bytes': 0, 'unmap_merged': 0, 'rd_bytes': 2158690, 'failed_flush_operations': 0, 'invalid_flush_operations': 0, 'invalid_unmap_operations': 0, 'unmap_total_time_ns': 0, 'failed_zone_append_operations': 0, 'wr_bytes': 0, 'zone_append_operations': 0, 'flush_operations': 0}, 'scsi0': {'invalid_flush_operations': 0, 'unmap_merged': 0, 'failed_flush_operations': 0, 'rd_bytes': 632932864, 'invalid_unmap_operations': 0, 'unmap_total_time_ns': 12087888, 'failed_zone_append_operations': 0, 'zone_append_operations': 0, 'wr_bytes': 525243392, 'flush_operations': 1293, 'flush_total_time_ns': 679654997, 'unmap_operations': 4339, 'wr_highest_offset': 15035666432, 'failed_unmap_operations': 0, 'idle_time_ns': 48886338134, 'account_invalid': True, 'unmap_bytes': 11627769856, 'wr_merged': 0, 'wr_total_time_ns': 133759950403, 'invalid_zone_append_operations': 0, 'timed_stats': [], 'account_failed': True, 'rd_total_time_ns': 64574443400, 'invalid_rd_operations': 0, 'rd_merged': 0, 'failed_wr_operations': 0, 'wr_operations': 15577, 'zone_append_merged': 0, 'zone_append_bytes': 0, 'invalid_wr_operations': 0, 'failed_rd_operations': 0, 'zone_append_total_time_ns': 0, 'rd_operations': 14991}}",0,1610612736,864518,x86-64-v2-AES,0,"{'pbs-library-version': '2.0.1 (2b8ebba0cffecd479f296aaad82d8bec89355599)', 'pbs-masterkey': True, 'pbs-dirty-bitmap': True, 'backup-access-api': True, 'query-bitmap-info': True, 'backup-fleecing': True, 'pbs-dirty-bitmap-savevm': True, 'backup-max-workers': True, 'pbs-dirty-bitmap-migration': True}",running,24950,1,1216,681869312,pc-i440fx-10.1+pve0,Node1-Ubuntu,1610612736,0,0,635091554,"{'total_mem': 1535107072, 'free_mem': 681869312, 'last_update': 1771895785, 'minor_page_faults': 798889, 'actual': 1610612736, 'mem_swapped_out': 0, 'major_page_faults': 1624, 'mem_swapped_in': 0, 'max_mem': 1610612736}",0,{'managed': 0},1,running,525243392,20575770,100,1095577600,853237760,0,32212254720,virtio-scsi-single,1,40e6bb2d-24f5-4910-a09d-285bc1d29dec,"virtio=BC:24:11:DE:FC:CC,bridge=vmbr0,firewall=1","local:iso/ubuntu-24.04.3-live-server-amd64.iso,media=cdrom,size=3226020K",1536,"creation-qemu=10.1.2,ctime=1770853142",0,order=scsi0;ide2;net0,uuid=c1bc3497-dd62-401f-a3d5-f3cd73e82594,l26,fad89dd6df97105e5979d4429e81e6b4eaf44a30,1,"local-lvm:vm-100-disk-0,iothread=1,size=30G"
2026-02-24,01:18:40,Node1-Ubuntu,1610612736,0,running,25084,1,681869312,1216,pc-i440fx-10.1+pve0,0,"{'ide2': {'wr_highest_offset': 0, 'unmap_operations': 0, 'flush_total_time_ns': 0, 'unmap_bytes': 0, 'failed_unmap_operations': 0, 'account_invalid': True, 'idle_time_ns': 22879495272366, 'invalid_unmap_operations': 0, 'invalid_flush_operations': 0, 'failed_flush_operations': 0, 'rd_bytes': 2158690, 'unmap_merged': 0, 'flush_operations': 0, 'zone_append_operations': 0, 'wr_bytes': 0, 'unmap_total_time_ns': 0, 'failed_zone_append_operations': 0, 'zone_append_bytes': 0, 'invalid_wr_operations': 0, 'wr_operations': 0, 'zone_append_merged': 0, 'rd_operations': 64, 'failed_rd_operations': 0, 'zone_append_total_time_ns': 0, 'invalid_zone_append_operations': 0, 'wr_total_time_ns': 0, 'timed_stats': [], 'wr_merged': 0, 'rd_merged': 0, 'failed_wr_operations': 0, 'rd_total_time_ns': 297379205, 'account_failed': True, 'invalid_rd_operations': 0}, 'scsi0': {'failed_zone_append_operations': 0, 'unmap_total_time_ns': 12087888, 'flush_operations': 1307, 'wr_bytes': 526337024, 'zone_append_operations': 0, 'invalid_flush_operations': 0, 'failed_flush_operations': 0, 'rd_bytes': 632932864, 'unmap_merged': 0, 'invalid_unmap_operations': 0, 'failed_unmap_operations': 0, 'idle_time_ns': 2207184188, 'account_invalid': True, 'unmap_bytes': 11627769856, 'flush_total_time_ns': 686668238, 'wr_highest_offset': 15035666432, 'unmap_operations': 4339, 'rd_total_time_ns': 64574443400, 'account_failed': True, 'invalid_rd_operations': 0, 'rd_merged': 0, 'failed_wr_operations': 0, 'wr_merged': 0, 'wr_total_time_ns': 134724697995, 'invalid_zone_append_operations': 0, 'timed_stats': [], 'failed_rd_operations': 0, 'zone_append_total_time_ns': 0, 'rd_operations': 14991, 'wr_operations': 15784, 'zone_append_merged': 0, 'zone_append_bytes': 0, 'invalid_wr_operations': 0}}",864518,0,x86-64-v2-AES,1610612736,0,"{'backup-fleecing': True, 'query-bitmap-info': True, 'backup-access-api': True, 'pbs-dirty-bitmap': True, 'pbs-masterkey': True, 'pbs-library-version': '2.0.1 (2b8ebba0cffecd479f296aaad82d8bec89355599)', 'pbs-dirty-bitmap-migration': True, 'backup-max-workers': True, 'pbs-dirty-bitmap-savevm': True}","{'tap100i0': {'netin': 20593746, 'netout': 864518}}",10.1.2,0,32212254720,20593746,100,1095577600,853237760,{'managed': 0},526337024,1,running,0,"{'actual': 1610612736, 'last_update': 1771895919, 'minor_page_faults': 799733, 'mem_swapped_in': 0, 'max_mem': 1610612736, 'mem_swapped_out': 0, 'major_page_faults': 1624, 'total_mem': 1535107072, 'free_mem': 681869312}",635091554,0,l26,fad89dd6df97105e5979d4429e81e6b4eaf44a30,uuid=c1bc3497-dd62-401f-a3d5-f3cd73e82594,order=scsi0;ide2;net0,1,"local-lvm:vm-100-disk-0,iothread=1,size=30G","virtio=BC:24:11:DE:FC:CC,bridge=vmbr0,firewall=1",virtio-scsi-single,40e6bb2d-24f5-4910-a09d-285bc1d29dec,1,0,"creation-qemu=10.1.2,ctime=1770853142","local:iso/ubuntu-24.04.3-live-server-amd64.iso,media=cdrom,size=3226020K",1536
2026-02-24,01:21:59,1,528569344,running,{'managed': 0},635091554,"{'free_mem': 681615360, 'total_mem': 1535107072, 'major_page_faults': 1624, 'mem_swapped_out': 0, 'max_mem': 1610612736, 'mem_swapped_in': 0, 'minor_page_faults': 800952, 'last_update': 1771896119, 'actual': 1610612736}",0,0,0,32212254720,853491712,1095577600,20620908,100,0,"{'pbs-dirty-bitmap-savevm': True, 'pbs-dirty-bitmap-migration': True, 'backup-max-workers': True, 'backup-access-api': True, 'pbs-masterkey': True, 'pbs-library-version': '2.0.1 (2b8ebba0cffecd479f296aaad82d8bec89355599)', 'pbs-dirty-bitmap': True, 'query-bitmap-info': True, 'backup-fleecing': True}",0,1610612736,0,864934,x86-64-v2-AES,"{'ide2': {'timed_stats': [], 'invalid_zone_append_operations': 0, 'wr_total_time_ns': 0, 'wr_merged': 0, 'failed_wr_operations': 0, 'rd_merged': 0, 'invalid_rd_operations': 0, 'account_failed': True, 'rd_total_time_ns': 297379205, 'invalid_wr_operations': 0, 'zone_append_bytes': 0, 'zone_append_merged': 0, 'wr_operations': 0, 'rd_operations': 64, 'zone_append_total_time_ns': 0, 'failed_rd_operations': 0, 'invalid_unmap_operations': 0, 'unmap_merged': 0, 'rd_bytes': 2158690, 'failed_flush_operations': 0, 'invalid_flush_operations': 0, 'wr_bytes': 0, 'zone_append_operations': 0, 'flush_operations': 0, 'unmap_total_time_ns': 0, 'failed_zone_append_operations': 0, 'unmap_operations': 0, 'wr_highest_offset': 0, 'flush_total_time_ns': 0, 'unmap_bytes': 0, 'idle_time_ns': 23079191650338, 'account_invalid': True, 'failed_unmap_operations': 0}, 'scsi0': {'idle_time_ns': 3213855006, 'account_invalid': True, 'failed_unmap_operations': 0, 'unmap_bytes': 11627769856, 'flush_total_time_ns': 695953815, 'unmap_operations': 4339, 'wr_highest_offset': 15035666432, 'unmap_total_time_ns': 12087888, 'failed_zone_append_operations': 0, 'zone_append_operations': 0, 'wr_bytes': 528569344, 'flush_operations': 1325, 'unmap_merged': 0, 'failed_flush_operations': 0, 'rd_bytes': 632932864, 'invalid_flush_operations': 0, 'invalid_unmap_operations': 0, 'zone_append_total_time_ns': 0, 'failed_rd_operations': 0, 'rd_operations': 14991, 'zone_append_merged': 0, 'wr_operations': 16215, 'invalid_wr_operations': 0, 'zone_append_bytes': 0, 'invalid_rd_operations': 0, 'rd_total_time_ns': 64574443400, 'account_failed': True, 'failed_wr_operations': 0, 'rd_merged': 0, 'wr_merged': 0, 'timed_stats': [], 'wr_total_time_ns': 137229669730, 'invalid_zone_append_operations': 0}}",10.1.2,"{'tap100i0': {'netout': 864934, 'netin': 20620908}}",0,1610612736,Node1-Ubuntu,1216,681615360,1,pc-i440fx-10.1+pve0,running,25284,fad89dd6df97105e5979d4429e81e6b4eaf44a30,l26,uuid=c1bc3497-dd62-401f-a3d5-f3cd73e82594,order=scsi0;ide2;net0,"local-lvm:vm-100-disk-0,iothread=1,size=30G",1,"virtio=BC:24:11:DE:FC:CC,bridge=vmbr0,firewall=1",virtio-scsi-single,1,40e6bb2d-24f5-4910-a09d-285bc1d29dec,0,"creation-qemu=10.1.2,ctime=1770853142",1536,"local:iso/ubuntu-24.04.3-live-server-amd64.iso,media=cdrom,size=3226020K"
2026-02-24,01:24:35,0,Node1-Ubuntu,1610612736,pc-i440fx-10.1+pve0,1,1216,681615360,25439,running,"{'pbs-dirty-bitmap-savevm': True, 'pbs-dirty-bitmap-migration': True, 'backup-max-workers': True, 'backup-access-api': True, 'pbs-dirty-bitmap': True, 'pbs-masterkey': True, 'pbs-library-version': '2.0.1 (2b8ebba0cffecd479f296aaad82d8bec89355599)', 'query-bitmap-info': True, 'backup-fleecing': True}",0,"{'ide2': {'invalid_rd_operations': 0, 'account_failed': True, 'rd_total_time_ns': 297379205, 'failed_wr_operations': 0, 'rd_merged': 0, 'wr_merged': 0, 'timed_stats': [], 'invalid_zone_append_operations': 0, 'wr_total_time_ns': 0, 'zone_append_total_time_ns': 0, 'failed_rd_operations': 0, 'rd_operations': 64, 'zone_append_merged': 0, 'wr_operations': 0, 'invalid_wr_operations': 0, 'zone_append_bytes': 0, 'failed_zone_append_operations': 0, 'unmap_total_time_ns': 0, 'wr_bytes': 0, 'zone_append_operations': 0, 'flush_operations': 0, 'unmap_merged': 0, 'failed_flush_operations': 0, 'rd_bytes': 2158690, 'invalid_flush_operations': 0, 'invalid_unmap_operations': 0, 'idle_time_ns': 23234805005585, 'account_invalid': True, 'failed_unmap_operations': 0, 'unmap_bytes': 0, 'flush_total_time_ns': 0, 'unmap_operations': 0, 'wr_highest_offset': 0}, 'scsi0': {'unmap_bytes': 11627769856, 'idle_time_ns': 33937320929, 'account_invalid': True, 'failed_unmap_operations': 0, 'wr_highest_offset': 15035666432, 'unmap_operations': 4339, 'flush_total_time_ns': 698997327, 'flush_operations': 1330, 'wr_bytes': 528925696, 'zone_append_operations': 0, 'unmap_total_time_ns': 12087888, 'failed_zone_append_operations': 0, 'invalid_unmap_operations': 0, 'rd_bytes': 632932864, 'failed_flush_operations': 0, 'unmap_merged': 0, 'invalid_flush_operations': 0, 'rd_operations': 14991, 'zone_append_total_time_ns': 0, 'failed_rd_operations': 0, 'invalid_wr_operations': 0, 'zone_append_bytes': 0, 'zone_append_merged': 0, 'wr_operations': 16286, 'failed_wr_operations': 0, 'rd_merged': 0, 'invalid_rd_operations': 0, 'account_failed': True, 'rd_total_time_ns': 64574443400, 'timed_stats': [], 'wr_total_time_ns': 137579369602, 'invalid_zone_append_operations': 0, 'wr_merged': 0}}",0,x86-64-v2-AES,865072,1610612736,0,"{'tap100i0': {'netout': 865072, 'netin': 20638926}}",10.1.2,32212254720,0,1095577600,853491712,100,20638926,1,running,528925696,{'managed': 0},0,"{'actual': 1610612736, 'minor_page_faults': 802240, 'last_update': 1771896273, 'max_mem': 1610612736, 'mem_swapped_in': 0, 'mem_swapped_out': 0, 'major_page_faults': 1624, 'total_mem': 1535107072, 'free_mem': 681615360}",635091554,0,1536,"local:iso/ubuntu-24.04.3-live-server-amd64.iso,media=cdrom,size=3226020K",0,"creation-qemu=10.1.2,ctime=1770853142",1,40e6bb2d-24f5-4910-a09d-285bc1d29dec,virtio-scsi-single,"virtio=BC:24:11:DE:FC:CC,bridge=vmbr0,firewall=1","local-lvm:vm-100-disk-0,iothread=1,size=30G",1,uuid=c1bc3497-dd62-401f-a3d5-f3cd73e82594,order=scsi0;ide2;net0,fad89dd6df97105e5979d4429e81e6b4eaf44a30,l26
2026-02-24,01:29:31,10.1.2,"{'tap100i0': {'netin': 20677316, 'netout': 865488}}","{'pbs-dirty-bitmap-migration': True, 'backup-max-workers': True, 'pbs-dirty-bitmap-savevm': True, 'query-bitmap-info': True, 'backup-fleecing': True, 'backup-access-api': True, 'pbs-masterkey': True, 'pbs-dirty-bitmap': True, 'pbs-library-version': '2.0.1 (2b8ebba0cffecd479f296aaad82d8bec89355599)'}",0,0,865488,x86-64-v2-AES,1610612736,"{'ide2': {'wr_bytes': 0, 'zone_append_operations': 0, 'flush_operations': 0, 'unmap_total_time_ns': 0, 'failed_zone_append_operations': 0, 'invalid_unmap_operations': 0, 'invalid_flush_operations': 0, 'unmap_merged': 0, 'rd_bytes': 2158690, 'failed_flush_operations': 0, 'unmap_bytes': 0, 'failed_unmap_operations': 0, 'idle_time_ns': 23531159114533, 'account_invalid': True, 'unmap_operations': 0, 'wr_highest_offset': 0, 'flush_total_time_ns': 0, 'rd_merged': 0, 'failed_wr_operations': 0, 'rd_total_time_ns': 297379205, 'account_failed': True, 'invalid_rd_operations': 0, 'wr_total_time_ns': 0, 'invalid_zone_append_operations': 0, 'timed_stats': [], 'wr_merged': 0, 'rd_operations': 64, 'failed_rd_operations': 0, 'zone_append_total_time_ns': 0, 'zone_append_bytes': 0, 'invalid_wr_operations': 0, 'wr_operations': 0, 'zone_append_merged': 0}, 'scsi0': {'failed_zone_append_operations': 0, 'unmap_total_time_ns': 12087888, 'flush_operations': 1354, 'wr_bytes': 530990080, 'zone_append_operations': 0, 'rd_bytes': 632932864, 'failed_flush_operations': 0, 'unmap_merged': 0, 'invalid_flush_operations': 0, 'invalid_unmap_operations': 0, 'idle_time_ns': 561706806, 'account_invalid': True, 'failed_unmap_operations': 0, 'unmap_bytes': 11627769856, 'flush_total_time_ns': 711222177, 'wr_highest_offset': 15035666432, 'unmap_operations': 4339, 'invalid_rd_operations': 0, 'rd_total_time_ns': 64574443400, 'account_failed': True, 'failed_wr_operations': 0, 'rd_merged': 0, 'wr_merged': 0, 'timed_stats': [], 'wr_total_time_ns': 138896694096, 'invalid_zone_append_operations': 0, 'zone_append_total_time_ns': 0, 'failed_rd_operations': 0, 'rd_operations': 14991, 'zone_append_merged': 0, 'wr_operations': 16670, 'invalid_wr_operations': 0, 'zone_append_bytes': 0}}",0,pc-i440fx-10.1+pve0,681615360,1216,1,25735,running,0,1610612736,Node1-Ubuntu,0,635091554,"{'free_mem': 681615360, 'total_mem': 1535107072, 'max_mem': 1610612736, 'mem_swapped_in': 0, 'mem_swapped_out': 0, 'major_page_faults': 1624, 'actual': 1610612736, 'minor_page_faults': 803234, 'last_update': 1771896571}",0,running,1,530990080,{'managed': 0},853491712,1095577600,100,20677316,32212254720,0,1,"local-lvm:vm-100-disk-0,iothread=1,size=30G",l26,fad89dd6df97105e5979d4429e81e6b4eaf44a30,uuid=c1bc3497-dd62-401f-a3d5-f3cd73e82594,order=scsi0;ide2;net0,"creation-qemu=10.1.2,ctime=1770853142",0,"local:iso/ubuntu-24.04.3-live-server-amd64.iso,media=cdrom,size=3226020K",1536,"virtio=BC:24:11:DE:FC:CC,bridge=vmbr0,firewall=1",40e6bb2d-24f5-4910-a09d-285bc1d29dec,1,virtio-scsi-single
2026-02-24,01:46:07,0,32212254720,20807754,100,853491712,1095577600,{'managed': 0},running,1,536208384,0,635091554,"{'mem_swapped_out': 0, 'major_page_faults': 1624, 'mem_swapped_in': 0, 'max_mem': 1610612736, 'last_update': 1771897565, 'minor_page_faults': 809585, 'actual': 1610612736, 'free_mem': 681615360, 'total_mem': 1535107072}",0,1610612736,Node1-Ubuntu,0,running,26731,681615360,1216,1,pc-i440fx-10.1+pve0,0,0,x86-64-v2-AES,867048,1610612736,"{'scsi0': {'unmap_bytes': 11627769856, 'failed_unmap_operations': 0, 'account_invalid': True, 'idle_time_ns': 12765689558, 'unmap_operations': 4339, 'wr_highest_offset': 15035666432, 'flush_total_time_ns': 738289060, 'wr_bytes': 536208384, 'zone_append_operations': 0, 'flush_operations': 1407, 'unmap_total_time_ns': 12087888, 'failed_zone_append_operations': 0, 'invalid_unmap_operations': 0, 'invalid_flush_operations': 0, 'unmap_merged': 0, 'failed_flush_operations': 0, 'rd_bytes': 632932864, 'rd_operations': 14991, 'failed_rd_operations': 0, 'zone_append_total_time_ns': 0, 'zone_append_bytes': 0, 'invalid_wr_operations': 0, 'wr_operations': 17671, 'zone_append_merged': 0, 'rd_merged': 0, 'failed_wr_operations': 0, 'rd_total_time_ns': 64574443400, 'account_failed': True, 'invalid_rd_operations': 0, 'wr_total_time_ns': 142508799987, 'invalid_zone_append_operations': 0, 'timed_stats': [], 'wr_merged': 0}, 'ide2': {'invalid_zone_append_operations': 0, 'wr_total_time_ns': 0, 'timed_stats': [], 'wr_merged': 0, 'rd_merged': 0, 'failed_wr_operations': 0, 'rd_total_time_ns': 297379205, 'account_failed': True, 'invalid_rd_operations': 0, 'zone_append_bytes': 0, 'invalid_wr_operations': 0, 'wr_operations': 0, 'zone_append_merged': 0, 'rd_operations': 64, 'failed_rd_operations': 0, 'zone_append_total_time_ns': 0, 'invalid_unmap_operations': 0, 'invalid_flush_operations': 0, 'unmap_merged': 0, 'rd_bytes': 2158690, 'failed_flush_operations': 0, 'zone_append_operations': 0, 'wr_bytes': 0, 'flush_operations': 0, 'failed_zone_append_operations': 0, 'unmap_total_time_ns': 0, 'unmap_operations': 0, 'wr_highest_offset': 0, 'flush_total_time_ns': 0, 'unmap_bytes': 0, 'failed_unmap_operations': 0, 'account_invalid': True, 'idle_time_ns': 24526405649871}}",0,"{'pbs-dirty-bitmap': True, 'pbs-masterkey': True, 'pbs-library-version': '2.0.1 (2b8ebba0cffecd479f296aaad82d8bec89355599)', 'backup-access-api': True, 'backup-fleecing': True, 'query-bitmap-info': True, 'pbs-dirty-bitmap-savevm': True, 'backup-max-workers': True, 'pbs-dirty-bitmap-migration': True}",10.1.2,"{'tap100i0': {'netin': 20807754, 'netout': 867048}}",fad89dd6df97105e5979d4429e81e6b4eaf44a30,l26,uuid=c1bc3497-dd62-401f-a3d5-f3cd73e82594,order=scsi0;ide2;net0,"local-lvm:vm-100-disk-0,iothread=1,size=30G",1,"virtio=BC:24:11:DE:FC:CC,bridge=vmbr0,firewall=1",virtio-scsi-single,40e6bb2d-24f5-4910-a09d-285bc1d29dec,1,0,"creation-qemu=10.1.2,ctime=1770853142",1536,"local:iso/ubuntu-24.04.3-live-server-amd64.iso,media=cdrom,size=3226020K"
2026-02-24,01:49:28,"{'backup-fleecing': True, 'query-bitmap-info': True, 'backup-access-api': True, 'pbs-masterkey': True, 'pbs-dirty-bitmap': True, 'pbs-library-version': '2.0.1 (2b8ebba0cffecd479f296aaad82d8bec89355599)', 'pbs-dirty-bitmap-migration': True, 'backup-max-workers': True, 'pbs-dirty-bitmap-savevm': True}",0,"{'ide2': {'failed_rd_operations': 0, 'zone_append_total_time_ns': 0, 'rd_operations': 64, 'wr_operations': 0, 'zone_append_merged': 0, 'zone_append_bytes': 0, 'invalid_wr_operations': 0, 'account_failed': True, 'rd_total_time_ns': 297379205, 'invalid_rd_operations': 0, 'rd_merged': 0, 'failed_wr_operations': 0, 'wr_merged': 0, 'wr_total_time_ns': 0, 'invalid_zone_append_operations': 0, 'timed_stats': [], 'failed_unmap_operations': 0, 'idle_time_ns': 24727636200884, 'account_invalid': True, 'unmap_bytes': 0, 'flush_total_time_ns': 0, 'wr_highest_offset': 0, 'unmap_operations': 0, 'unmap_total_time_ns': 0, 'failed_zone_append_operations': 0, 'flush_operations': 0, 'zone_append_operations': 0, 'wr_bytes': 0, 'invalid_flush_operations': 0, 'failed_flush_operations': 0, 'rd_bytes': 2158690, 'unmap_merged': 0, 'invalid_unmap_operations': 0}, 'scsi0': {'failed_zone_append_operations': 0, 'unmap_total_time_ns': 12087888, 'wr_bytes': 538526720, 'zone_append_operations': 0, 'flush_operations': 1427, 'invalid_flush_operations': 0, 'unmap_merged': 0, 'failed_flush_operations': 0, 'rd_bytes': 632932864, 'invalid_unmap_operations': 0, 'failed_unmap_operations': 0, 'idle_time_ns': 4077668738, 'account_invalid': True, 'unmap_bytes': 11627769856, 'flush_total_time_ns': 748171092, 'unmap_operations': 4339, 'wr_highest_offset': 15035666432, 'account_failed': True, 'rd_total_time_ns': 64574443400, 'invalid_rd_operations': 0, 'rd_merged': 0, 'failed_wr_operations': 0, 'wr_merged': 0, 'invalid_zone_append_operations': 0, 'wr_total_time_ns': 144037809619, 'timed_stats': [], 'failed_rd_operations': 0, 'zone_append_total_time_ns': 0, 'rd_operations': 14991, 'wr_operations': 18124, 'zone_append_merged': 0, 'zone_append_bytes': 0, 'invalid_wr_operations': 0}}",0,867464,x86-64-v2-AES,1610612736,0,"{'tap100i0': {'netin': 20835024, 'netout': 867464}}",10.1.2,0,Node1-Ubuntu,1610612736,pc-i440fx-10.1+pve0,1,1216,681615360,running,26932,1,running,538526720,{'managed': 0},0,"{'total_mem': 1535107072, 'free_mem': 681615360, 'last_update': 1771897767, 'minor_page_faults': 810004, 'actual': 1610612736, 'major_page_faults': 1624, 'mem_swapped_out': 0, 'mem_swapped_in': 0, 'max_mem': 1610612736}",635091554,0,32212254720,0,1095577600,853491712,100,20835024,"virtio=BC:24:11:DE:FC:CC,bridge=vmbr0,firewall=1",virtio-scsi-single,1,40e6bb2d-24f5-4910-a09d-285bc1d29dec,"creation-qemu=10.1.2,ctime=1770853142",0,"local:iso/ubuntu-24.04.3-live-server-amd64.iso,media=cdrom,size=3226020K",1536,l26,fad89dd6df97105e5979d4429e81e6b4eaf44a30,uuid=c1bc3497-dd62-401f-a3d5-f3cd73e82594,order=scsi0;ide2;net0,1,"local-lvm:vm-100-disk-0,iothread=1,size=30G"
2026-02-24,01:53:42,0,32212254720,1095577600,854523904,20869782,100,running,1,539390976,{'managed': 0},"{'total_mem': 1535107072, 'free_mem': 680583168, 'last_update': 1771898021, 'minor_page_faults': 812002, 'actual': 1610612736, 'major_page_faults': 1624, 'mem_swapped_out': 0, 'mem_swapped_in': 0, 'max_mem': 1610612736}",635091554,0,0,0,Node1-Ubuntu,1610612736,1,1216,680583168,pc-i440fx-10.1+pve0,running,27186,0,"{'backup-access-api': True, 'pbs-library-version': '2.0.1 (2b8ebba0cffecd479f296aaad82d8bec89355599)', 'pbs-masterkey': True, 'pbs-dirty-bitmap': True, 'query-bitmap-info': True, 'backup-fleecing': True, 'pbs-dirty-bitmap-savevm': True, 'pbs-dirty-bitmap-migration': True, 'backup-max-workers': True}",0,"{'ide2': {'rd_total_time_ns': 297379205, 'account_failed': True, 'invalid_rd_operations': 0, 'rd_merged': 0, 'failed_wr_operations': 0, 'wr_merged': 0, 'wr_total_time_ns': 0, 'invalid_zone_append_operations': 0, 'timed_stats': [], 'failed_rd_operations': 0, 'zone_append_total_time_ns': 0, 'rd_operations': 64, 'wr_operations': 0, 'zone_append_merged': 0, 'zone_append_bytes': 0, 'invalid_wr_operations': 0, 'failed_zone_append_operations': 0, 'unmap_total_time_ns': 0, 'zone_append_operations': 0, 'wr_bytes': 0, 'flush_operations': 0, 'invalid_flush_operations': 0, 'unmap_merged': 0, 'rd_bytes': 2158690, 'failed_flush_operations': 0, 'invalid_unmap_operations': 0, 'failed_unmap_operations': 0, 'account_invalid': True, 'idle_time_ns': 24981916979560, 'unmap_bytes': 0, 'flush_total_time_ns': 0, 'unmap_operations': 0, 'wr_highest_offset': 0}, 'scsi0': {'invalid_unmap_operations': 0, 'invalid_flush_operations': 0, 'unmap_merged': 0, 'rd_bytes': 632932864, 'failed_flush_operations': 0, 'zone_append_operations': 0, 'wr_bytes': 539390976, 'flush_operations': 1440, 'unmap_total_time_ns': 12087888, 'failed_zone_append_operations': 0, 'unmap_operations': 4339, 'wr_highest_offset': 15035666432, 'flush_total_time_ns': 754306594, 'unmap_bytes': 11627769856, 'failed_unmap_operations': 0, 'idle_time_ns': 825981449, 'account_invalid': True, 'invalid_zone_append_operations': 0, 'wr_total_time_ns': 144555149253, 'timed_stats': [], 'wr_merged': 0, 'rd_merged': 0, 'failed_wr_operations': 0, 'rd_total_time_ns': 64574443400, 'account_failed': True, 'invalid_rd_operations': 0, 'zone_append_bytes': 0, 'invalid_wr_operations': 0, 'wr_operations': 18289, 'zone_append_merged': 0, 'rd_operations': 14991, 'failed_rd_operations': 0, 'zone_append_total_time_ns': 0}}",867880,0,1610612736,x86-64-v2-AES,"{'tap100i0': {'netin': 20869782, 'netout': 867880}}",10.1.2,0,"creation-qemu=10.1.2,ctime=1770853142",1536,"local:iso/ubuntu-24.04.3-live-server-amd64.iso,media=cdrom,size=3226020K","virtio=BC:24:11:DE:FC:CC,bridge=vmbr0,firewall=1",virtio-scsi-single,40e6bb2d-24f5-4910-a09d-285bc1d29dec,1,1,"local-lvm:vm-100-disk-0,iothread=1,size=30G",fad89dd6df97105e5979d4429e81e6b4eaf44a30,l26,uuid=c1bc3497-dd62-401f-a3d5-f3cd73e82594,order=scsi0;ide2;net0
2026-02-24,02:00:03,{'managed': 0},1,running,542180352,0,"{'total_mem': 1535107072, 'free_mem': 680583168, 'last_update': 1771898403, 'minor_page_faults': 813091, 'actual': 1610612736, 'mem_swapped_out': 0, 'major_page_faults': 1624, 'mem_swapped_in': 0, 'max_mem': 1610612736}",635091554,0,0,32212254720,20916680,100,1095577600,854523904,0,"{'scsi0': {'unmap_total_time_ns': 12087888, 'failed_zone_append_operations': 0, 'wr_bytes': 542180352, 'zone_append_operations': 0, 'flush_operations': 1468, 'unmap_merged': 0, 'rd_bytes': 632932864, 'failed_flush_operations': 0, 'invalid_flush_operations': 0, 'invalid_unmap_operations': 0, 'account_invalid': True, 'idle_time_ns': 2075321899, 'failed_unmap_operations': 0, 'unmap_bytes': 11627769856, 'flush_total_time_ns': 768266645, 'unmap_operations': 4339, 'wr_highest_offset': 15035666432, 'invalid_rd_operations': 0, 'account_failed': True, 'rd_total_time_ns': 64574443400, 'failed_wr_operations': 0, 'rd_merged': 0, 'wr_merged': 0, 'timed_stats': [], 'wr_total_time_ns': 146380087830, 'invalid_zone_append_operations': 0, 'zone_append_total_time_ns': 0, 'failed_rd_operations': 0, 'rd_operations': 14991, 'zone_append_merged': 0, 'wr_operations': 18811, 'invalid_wr_operations': 0, 'zone_append_bytes': 0}, 'ide2': {'invalid_rd_operations': 0, 'rd_total_time_ns': 297379205, 'account_failed': True, 'failed_wr_operations': 0, 'rd_merged': 0, 'wr_merged': 0, 'timed_stats': [], 'invalid_zone_append_operations': 0, 'wr_total_time_ns': 0, 'zone_append_total_time_ns': 0, 'failed_rd_operations': 0, 'rd_operations': 64, 'zone_append_merged': 0, 'wr_operations': 0, 'invalid_wr_operations': 0, 'zone_append_bytes': 0, 'failed_zone_append_operations': 0, 'unmap_total_time_ns': 0, 'zone_append_operations': 0, 'wr_bytes': 0, 'flush_operations': 0, 'unmap_merged': 0, 'failed_flush_operations': 0, 'rd_bytes': 2158690, 'invalid_flush_operations': 0, 'invalid_unmap_operations': 0, 'idle_time_ns': 25363211628770, 'account_invalid': True, 'failed_unmap_operations': 0, 'unmap_bytes': 0, 'flush_total_time_ns': 0, 'unmap_operations': 0, 'wr_highest_offset': 0}}",868434,0,1610612736,x86-64-v2-AES,0,"{'backup-fleecing': True, 'query-bitmap-info': True, 'backup-access-api': True, 'pbs-library-version': '2.0.1 (2b8ebba0cffecd479f296aaad82d8bec89355599)', 'pbs-masterkey': True, 'pbs-dirty-bitmap': True, 'pbs-dirty-bitmap-migration': True, 'backup-max-workers': True, 'pbs-dirty-bitmap-savevm': True}","{'tap100i0': {'netout': 868434, 'netin': 20916680}}",10.1.2,Node1-Ubuntu,1610612736,0,27568,running,1,680583168,1216,pc-i440fx-10.1+pve0,40e6bb2d-24f5-4910-a09d-285bc1d29dec,1,virtio-scsi-single,"virtio=BC:24:11:DE:FC:CC,bridge=vmbr0,firewall=1",1536,"local:iso/ubuntu-24.04.3-live-server-amd64.iso,media=cdrom,size=3226020K","creation-qemu=10.1.2,ctime=1770853142",0,order=scsi0;ide2;net0,uuid=c1bc3497-dd62-401f-a3d5-f3cd73e82594,fad89dd6df97105e5979d4429e81e6b4eaf44a30,l26,1,"local-lvm:vm-100-disk-0,iothread=1,size=30G"
2026-02-24,02:08:41,0,0,"{'free_mem': 680583168, 'total_mem': 1535107072, 'mem_swapped_in': 0, 'max_mem': 1610612736, 'mem_swapped_out': 0, 'major_page_faults': 1624, 'actual': 1610612736, 'last_update': 1771898919, 'minor_page_faults': 816342}",635091554,{'managed': 0},544265216,1,running,100,20986706,854523904,1095577600,32212254720,0,10.1.2,"{'tap100i0': {'netin': 20986706, 'netout': 869266}}",0,1610612736,869266,x86-64-v2-AES,"{'scsi0': {'invalid_unmap_operations': 0, 'unmap_merged': 0, 'rd_bytes': 632932864, 'failed_flush_operations': 0, 'invalid_flush_operations': 0, 'wr_bytes': 544265216, 'zone_append_operations': 0, 'flush_operations': 1493, 'failed_zone_append_operations': 0, 'unmap_total_time_ns': 12087888, 'unmap_operations': 4339, 'wr_highest_offset': 15035666432, 'flush_total_time_ns': 782397034, 'unmap_bytes': 11627769856, 'account_invalid': True, 'idle_time_ns': 334371820, 'failed_unmap_operations': 0, 'timed_stats': [], 'wr_total_time_ns': 147842065454, 'invalid_zone_append_operations': 0, 'wr_merged': 0, 'failed_wr_operations': 0, 'rd_merged': 0, 'invalid_rd_operations': 0, 'account_failed': True, 'rd_total_time_ns': 64574443400, 'invalid_wr_operations': 0, 'zone_append_bytes': 0, 'zone_append_merged': 0, 'wr_operations': 19207, 'rd_operations': 14991, 'zone_append_total_time_ns': 0, 'failed_rd_operations': 0}, 'ide2': {'invalid_rd_operations': 0, 'account_failed': True, 'rd_total_time_ns': 297379205, 'failed_wr_operations': 0, 'rd_merged': 0, 'wr_merged': 0, 'timed_stats': [], 'invalid_zone_append_operations': 0, 'wr_total_time_ns': 0, 'zone_append_total_time_ns': 0, 'failed_rd_operations': 0, 'rd_operations': 64, 'zone_append_merged': 0, 'wr_operations': 0, 'invalid_wr_operations': 0, 'zone_append_bytes': 0, 'unmap_total_time_ns': 0, 'failed_zone_append_operations': 0, 'zone_append_operations': 0, 'wr_bytes': 0, 'flush_operations': 0, 'unmap_merged': 0, 'failed_flush_operations': 0, 'rd_bytes': 2158690, 'invalid_flush_operations': 0, 'invalid_unmap_operations': 0, 'idle_time_ns': 25881011177658, 'account_invalid': True, 'failed_unmap_operations': 0, 'unmap_bytes': 0, 'flush_total_time_ns': 0, 'unmap_operations': 0, 'wr_highest_offset': 0}}",0,"{'backup-max-workers': True, 'pbs-dirty-bitmap-migration': True, 'pbs-dirty-bitmap-savevm': True, 'query-bitmap-info': True, 'backup-fleecing': True, 'pbs-masterkey': True, 'pbs-library-version': '2.0.1 (2b8ebba0cffecd479f296aaad82d8bec89355599)', 'pbs-dirty-bitmap': True, 'backup-access-api': True}",0,running,28085,pc-i440fx-10.1+pve0,1216,680583168,1,1610612736,Node1-Ubuntu,0,order=scsi0;ide2;net0,uuid=c1bc3497-dd62-401f-a3d5-f3cd73e82594,l26,fad89dd6df97105e5979d4429e81e6b4eaf44a30,"local-lvm:vm-100-disk-0,iothread=1,size=30G",1,virtio-scsi-single,40e6bb2d-24f5-4910-a09d-285bc1d29dec,1,"virtio=BC:24:11:DE:FC:CC,bridge=vmbr0,firewall=1","local:iso/ubuntu-24.04.3-live-server-amd64.iso,media=cdrom,size=3226020K",1536,0,"creation-qemu=10.1.2,ctime=1770853142"
2026-02-24,03:00:03,0,0,"{'actual': 1610612736, 'minor_page_faults': 835600, 'last_update': 1771902001, 'max_mem': 1610612736, 'mem_swapped_in': 0, 'major_page_faults': 1624, 'mem_swapped_out': 0, 'total_mem': 1535107072, 'free_mem': 678002688}",635091554,{'managed': 0},1,running,563467264,100,21390386,1095582720,857104384,32212254720,0,"{'tap100i0': {'netin': 21390386, 'netout': 874396}}",10.1.2,"{'ide2': {'failed_zone_append_operations': 0, 'unmap_total_time_ns': 0, 'flush_operations': 0, 'wr_bytes': 0, 'zone_append_operations': 0, 'invalid_flush_operations': 0, 'failed_flush_operations': 0, 'rd_bytes': 2158690, 'unmap_merged': 0, 'invalid_unmap_operations': 0, 'failed_unmap_operations': 0, 'account_invalid': True, 'idle_time_ns': 28962551881398, 'unmap_bytes': 0, 'flush_total_time_ns': 0, 'wr_highest_offset': 0, 'unmap_operations': 0, 'rd_total_time_ns': 297379205, 'account_failed': True, 'invalid_rd_operations': 0, 'rd_merged': 0, 'failed_wr_operations': 0, 'wr_merged': 0, 'invalid_zone_append_operations': 0, 'wr_total_time_ns': 0, 'timed_stats': [], 'failed_rd_operations': 0, 'zone_append_total_time_ns': 0, 'rd_operations': 64, 'wr_operations': 0, 'zone_append_merged': 0, 'zone_append_bytes': 0, 'invalid_wr_operations': 0}, 'scsi0': {'failed_unmap_operations': 0, 'idle_time_ns': 1165338865, 'account_invalid': True, 'unmap_bytes': 11627769856, 'flush_total_time_ns': 887989149, 'unmap_operations': 4339, 'wr_highest_offset': 15035666432, 'failed_zone_append_operations': 0, 'unmap_total_time_ns': 12087888, 'wr_bytes': 563467264, 'zone_append_operations': 0, 'flush_operations': 1693, 'invalid_flush_operations': 0, 'unmap_merged': 0, 'rd_bytes': 632932864, 'failed_flush_operations': 0, 'invalid_unmap_operations': 0, 'failed_rd_operations': 0, 'zone_append_total_time_ns': 0, 'rd_operations': 14991, 'wr_operations': 22930, 'zone_append_merged': 0, 'zone_append_bytes': 0, 'invalid_wr_operations': 0, 'rd_total_time_ns': 64574443400, 'account_failed': True, 'invalid_rd_operations': 0, 'rd_merged': 0, 'failed_wr_operations': 0, 'wr_merged': 0, 'wr_total_time_ns': 164061805385, 'invalid_zone_append_operations': 0, 'timed_stats': []}}",0,x86-64-v2-AES,874396,1610612736,0,"{'pbs-masterkey': True, 'pbs-library-version': '2.0.1 (2b8ebba0cffecd479f296aaad82d8bec89355599)', 'pbs-dirty-bitmap': True, 'backup-access-api': True, 'backup-fleecing': True, 'query-bitmap-info': True, 'pbs-dirty-bitmap-savevm': True, 'backup-max-workers': True, 'pbs-dirty-bitmap-migration': True}",0,running,31167,pc-i440fx-10.1+pve0,1,678002688,1216,Node1-Ubuntu,1610612736,0,"local-lvm:vm-100-disk-0,iothread=1,size=30G",1,order=scsi0;ide2;net0,uuid=c1bc3497-dd62-401f-a3d5-f3cd73e82594,l26,fad89dd6df97105e5979d4429e81e6b4eaf44a30,"local:iso/ubuntu-24.04.3-live-server-amd64.iso,media=cdrom,size=3226020K",1536,0,"creation-qemu=10.1.2,ctime=1770853142",40e6bb2d-24f5-4910-a09d-285bc1d29dec,1,virtio-scsi-single,"virtio=BC:24:11:DE:FC:CC,bridge=vmbr0,firewall=1"
2026-02-24,04:00:02,1610612736,Node1-Ubuntu,0,running,34766,pc-i440fx-10.1+pve0,1216,675450880,1,x86-64-v2-AES,0,880046,1610612736,"{'ide2': {'failed_wr_operations': 0, 'rd_merged': 0, 'invalid_rd_operations': 0, 'account_failed': True, 'rd_total_time_ns': 297379205, 'timed_stats': [], 'wr_total_time_ns': 0, 'invalid_zone_append_operations': 0, 'wr_merged': 0, 'rd_operations': 64, 'zone_append_total_time_ns': 0, 'failed_rd_operations': 0, 'invalid_wr_operations': 0, 'zone_append_bytes': 0, 'zone_append_merged': 0, 'wr_operations': 0, 'zone_append_operations': 0, 'wr_bytes': 0, 'flush_operations': 0, 'unmap_total_time_ns': 0, 'failed_zone_append_operations': 0, 'invalid_unmap_operations': 0, 'unmap_merged': 0, 'rd_bytes': 2158690, 'failed_flush_operations': 0, 'invalid_flush_operations': 0, 'unmap_bytes': 0, 'account_invalid': True, 'idle_time_ns': 32561893340071, 'failed_unmap_operations': 0, 'unmap_operations': 0, 'wr_highest_offset': 0, 'flush_total_time_ns': 0}, 'scsi0': {'unmap_bytes': 11627769856, 'account_invalid': True, 'idle_time_ns': 3711487988, 'failed_unmap_operations': 0, 'wr_highest_offset': 15035666432, 'unmap_operations': 4339, 'flush_total_time_ns': 1006749478, 'flush_operations': 1920, 'wr_bytes': 585085952, 'zone_append_operations': 0, 'unmap_total_time_ns': 12087888, 'failed_zone_append_operations': 0, 'invalid_unmap_operations': 0, 'rd_bytes': 632932864, 'failed_flush_operations': 0, 'unmap_merged': 0, 'invalid_flush_operations': 0, 'rd_operations': 14991, 'zone_append_total_time_ns': 0, 'failed_rd_operations': 0, 'invalid_wr_operations': 0, 'zone_append_bytes': 0, 'zone_append_merged': 0, 'wr_operations': 27087, 'failed_wr_operations': 0, 'rd_merged': 0, 'invalid_rd_operations': 0, 'rd_total_time_ns': 64574443400, 'account_failed': True, 'timed_stats': [], 'invalid_zone_append_operations': 0, 'wr_total_time_ns': 181207560776, 'wr_merged': 0}}",0,"{'backup-max-workers': True, 'pbs-dirty-bitmap-migration': True, 'pbs-dirty-bitmap-savevm': True, 'query-bitmap-info': True, 'backup-fleecing': True, 'pbs-dirty-bitmap': True, 'pbs-masterkey': True, 'pbs-library-version': '2.0.1 (2b8ebba0cffecd479f296aaad82d8bec89355599)', 'backup-access-api': True}",0,10.1.2,"{'tap100i0': {'netout': 880046, 'netin': 21859172}}",32212254720,0,100,21859172,859656192,1095582720,{'managed': 0},running,1,585085952,0,0,"{'free_mem': 675450880, 'total_mem': 1535107072, 'major_page_faults': 1625, 'mem_swapped_out': 0, 'max_mem': 1610612736, 'mem_swapped_in': 0, 'minor_page_faults': 858458, 'last_update': 1771905601, 'actual': 1610612736}",635091554,"virtio=BC:24:11:DE:FC:CC,bridge=vmbr0,firewall=1",40e6bb2d-24f5-4910-a09d-285bc1d29dec,1,virtio-scsi-single,0,"creation-qemu=10.1.2,ctime=1770853142","local:iso/ubuntu-24.04.3-live-server-amd64.iso,media=cdrom,size=3226020K",1536,l26,fad89dd6df97105e5979d4429e81e6b4eaf44a30,uuid=c1bc3497-dd62-401f-a3d5-f3cd73e82594,order=scsi0;ide2;net0,1,"local-lvm:vm-100-disk-0,iothread=1,size=30G"
2026-02-24,06:00:02,41966,running,pc-i440fx-10.1+pve0,1,1216,670289920,Node1-Ubuntu,1610612736,0,"{'tap100i0': {'netout': 891928, 'netin': 22796288}}",10.1.2,"{'ide2': {'wr_total_time_ns': 0, 'invalid_zone_append_operations': 0, 'timed_stats': [], 'wr_merged': 0, 'rd_merged': 0, 'failed_wr_operations': 0, 'account_failed': True, 'rd_total_time_ns': 297379205, 'invalid_rd_operations': 0, 'zone_append_bytes': 0, 'invalid_wr_operations': 0, 'wr_operations': 0, 'zone_append_merged': 0, 'rd_operations': 64, 'failed_rd_operations': 0, 'zone_append_total_time_ns': 0, 'invalid_unmap_operations': 0, 'invalid_flush_operations': 0, 'unmap_merged': 0, 'rd_bytes': 2158690, 'failed_flush_operations': 0, 'zone_append_operations': 0, 'wr_bytes': 0, 'flush_operations': 0, 'failed_zone_append_operations': 0, 'unmap_total_time_ns': 0, 'unmap_operations': 0, 'wr_highest_offset': 0, 'flush_total_time_ns': 0, 'unmap_bytes': 0, 'failed_unmap_operations': 0, 'idle_time_ns': 39761646606587, 'account_invalid': True}, 'scsi0': {'rd_operations': 14991, 'zone_append_total_time_ns': 0, 'failed_rd_operations': 0, 'invalid_wr_operations': 0, 'zone_append_bytes': 0, 'zone_append_merged': 0, 'wr_operations': 36111, 'failed_wr_operations': 0, 'rd_merged': 0, 'invalid_rd_operations': 0, 'account_failed': True, 'rd_total_time_ns': 64574443400, 'timed_stats': [], 'invalid_zone_append_operations': 0, 'wr_total_time_ns': 215421012010, 'wr_merged': 0, 'unmap_bytes': 11627769856, 'idle_time_ns': 2181530937, 'account_invalid': True, 'failed_unmap_operations': 0, 'unmap_operations': 4339, 'wr_highest_offset': 15035666432, 'flush_total_time_ns': 1284535250, 'zone_append_operations': 0, 'wr_bytes': 634426368, 'flush_operations': 2431, 'unmap_total_time_ns': 12087888, 'failed_zone_append_operations': 0, 'invalid_unmap_operations': 0, 'unmap_merged': 0, 'failed_flush_operations': 0, 'rd_bytes': 632932864, 'invalid_flush_operations': 0}}",891928,0,x86-64-v2-AES,1610612736,0,"{'pbs-dirty-bitmap-migration': True, 'backup-max-workers': True, 'pbs-dirty-bitmap-savevm': True, 'backup-fleecing': True, 'query-bitmap-info': True, 'backup-access-api': True, 'pbs-dirty-bitmap': True, 'pbs-masterkey': True, 'pbs-library-version': '2.0.1 (2b8ebba0cffecd479f296aaad82d8bec89355599)'}",0,100,22796288,1095588864,864817152,32212254720,0,0,0,"{'max_mem': 1610612736, 'mem_swapped_in': 0, 'major_page_faults': 1629, 'mem_swapped_out': 0, 'actual': 1610612736, 'minor_page_faults': 906640, 'last_update': 1771912801, 'free_mem': 670289920, 'total_mem': 1535107072}",635091554,{'managed': 0},1,running,634426368,"local:iso/ubuntu-24.04.3-live-server-amd64.iso,media=cdrom,size=3226020K",1536,0,"creation-qemu=10.1.2,ctime=1770853142",40e6bb2d-24f5-4910-a09d-285bc1d29dec,1,virtio-scsi-single,"virtio=BC:24:11:DE:FC:CC,bridge=vmbr0,firewall=1","local-lvm:vm-100-disk-0,iothread=1,size=30G",1,uuid=c1bc3497-dd62-401f-a3d5-f3cd73e82594,order=scsi0;ide2;net0,l26,fad89dd6df97105e5979d4429e81e6b4eaf44a30
2026-02-24,07:00:02,running,45566,1,626966528,1216,pc-i440fx-10.1+pve0,Node1-Ubuntu,1610612736,0,"{'tap100i0': {'netin': 23281575, 'netout': 912481}}",10.1.2,0,"{'scsi0': {'unmap_total_time_ns': 12087888, 'failed_zone_append_operations': 0, 'flush_operations': 2668, 'zone_append_operations': 0, 'wr_bytes': 656532480, 'invalid_flush_operations': 0, 'failed_flush_operations': 0, 'rd_bytes': 632961536, 'unmap_merged': 0, 'invalid_unmap_operations': 0, 'failed_unmap_operations': 0, 'account_invalid': True, 'idle_time_ns': 305721937, 'unmap_bytes': 11627769856, 'flush_total_time_ns': 1436347043, 'wr_highest_offset': 15035666432, 'unmap_operations': 4339, 'account_failed': True, 'rd_total_time_ns': 64645632172, 'invalid_rd_operations': 0, 'rd_merged': 0, 'failed_wr_operations': 0, 'wr_merged': 0, 'wr_total_time_ns': 231273915618, 'invalid_zone_append_operations': 0, 'timed_stats': [], 'failed_rd_operations': 0, 'zone_append_total_time_ns': 0, 'rd_operations': 14998, 'wr_operations': 40346, 'zone_append_merged': 0, 'zone_append_bytes': 0, 'invalid_wr_operations': 0}, 'ide2': {'failed_rd_operations': 0, 'zone_append_total_time_ns': 0, 'rd_operations': 64, 'wr_operations': 0, 'zone_append_merged': 0, 'zone_append_bytes': 0, 'invalid_wr_operations': 0, 'rd_total_time_ns': 297379205, 'account_failed': True, 'invalid_rd_operations': 0, 'rd_merged': 0, 'failed_wr_operations': 0, 'wr_merged': 0, 'invalid_zone_append_operations': 0, 'wr_total_time_ns': 0, 'timed_stats': [], 'failed_unmap_operations': 0, 'account_invalid': True, 'idle_time_ns': 43361960395937, 'unmap_bytes': 0, 'flush_total_time_ns': 0, 'unmap_operations': 0, 'wr_highest_offset': 0, 'unmap_total_time_ns': 0, 'failed_zone_append_operations': 0, 'zone_append_operations': 0, 'wr_bytes': 0, 'flush_operations': 0, 'invalid_flush_operations': 0, 'unmap_merged': 0, 'rd_bytes': 2158690, 'failed_flush_operations': 0, 'invalid_unmap_operations': 0}}",0,1610612736,912481,x86-64-v2-AES,0,"{'pbs-dirty-bitmap-savevm': True, 'pbs-dirty-bitmap-migration': True, 'backup-max-workers': True, 'backup-access-api': True, 'pbs-library-version': '2.0.1 (2b8ebba0cffecd479f296aaad82d8bec89355599)', 'pbs-masterkey': True, 'pbs-dirty-bitmap': True, 'query-bitmap-info': True, 'backup-fleecing': True}",23281575,100,1099773952,908140544,0,32212254720,0,635120226,"{'mem_swapped_out': 0, 'major_page_faults': 1629, 'max_mem': 1610612736, 'mem_swapped_in': 0, 'minor_page_faults': 991755, 'last_update': 1771916401, 'actual': 1610612736, 'free_mem': 626966528, 'total_mem': 1535107072}",0,{'managed': 0},running,1,656532480,uuid=c1bc3497-dd62-401f-a3d5-f3cd73e82594,order=scsi0;ide2;net0,l26,fad89dd6df97105e5979d4429e81e6b4eaf44a30,"local-lvm:vm-100-disk-0,iothread=1,size=30G",1,virtio-scsi-single,40e6bb2d-24f5-4910-a09d-285bc1d29dec,1,"virtio=BC:24:11:DE:FC:CC,bridge=vmbr0,firewall=1","local:iso/ubuntu-24.04.3-live-server-amd64.iso,media=cdrom,size=3226020K",1536,0,"creation-qemu=10.1.2,ctime=1770853142"
2026-02-24,08:00:02,0,32212254720,23749233,100,900628480,1099773952,{'managed': 0},679470080,1,running,0,635120226,"{'mem_swapped_in': 0, 'max_mem': 1610612736, 'major_page_faults': 1629, 'mem_swapped_out': 0, 'actual': 1610612736, 'last_update': 1771920001, 'minor_page_faults': 1014419, 'free_mem': 634478592, 'total_mem': 1535107072}",0,1610612736,Node1-Ubuntu,0,running,49166,1216,634478592,1,pc-i440fx-10.1+pve0,0,918131,0,x86-64-v2-AES,1610612736,"{'ide2': {'zone_append_merged': 0, 'wr_operations': 0, 'invalid_wr_operations': 0, 'zone_append_bytes': 0, 'zone_append_total_time_ns': 0, 'failed_rd_operations': 0, 'rd_operations': 64, 'wr_merged': 0, 'timed_stats': [], 'invalid_zone_append_operations': 0, 'wr_total_time_ns': 0, 'invalid_rd_operations': 0, 'account_failed': True, 'rd_total_time_ns': 297379205, 'failed_wr_operations': 0, 'rd_merged': 0, 'flush_total_time_ns': 0, 'wr_highest_offset': 0, 'unmap_operations': 0, 'idle_time_ns': 46962154877872, 'account_invalid': True, 'failed_unmap_operations': 0, 'unmap_bytes': 0, 'failed_flush_operations': 0, 'rd_bytes': 2158690, 'unmap_merged': 0, 'invalid_flush_operations': 0, 'invalid_unmap_operations': 0, 'unmap_total_time_ns': 0, 'failed_zone_append_operations': 0, 'flush_operations': 0, 'zone_append_operations': 0, 'wr_bytes': 0}, 'scsi0': {'flush_total_time_ns': 1554294725, 'wr_highest_offset': 15035666432, 'unmap_operations': 4339, 'account_invalid': True, 'idle_time_ns': 1415619232, 'failed_unmap_operations': 0, 'unmap_bytes': 11627769856, 'failed_flush_operations': 0, 'rd_bytes': 632961536, 'unmap_merged': 0, 'invalid_flush_operations': 0, 'invalid_unmap_operations': 0, 'unmap_total_time_ns': 12087888, 'failed_zone_append_operations': 0, 'flush_operations': 2907, 'wr_bytes': 679470080, 'zone_append_operations': 0, 'zone_append_merged': 0, 'wr_operations': 44736, 'invalid_wr_operations': 0, 'zone_append_bytes': 0, 'zone_append_total_time_ns': 0, 'failed_rd_operations': 0, 'rd_operations': 14998, 'wr_merged': 0, 'timed_stats': [], 'invalid_zone_append_operations': 0, 'wr_total_time_ns': 251766414055, 'invalid_rd_operations': 0, 'account_failed': True, 'rd_total_time_ns': 64645632172, 'failed_wr_operations': 0, 'rd_merged': 0}}",0,"{'pbs-dirty-bitmap-savevm': True, 'pbs-dirty-bitmap-migration': True, 'backup-max-workers': True, 'backup-access-api': True, 'pbs-library-version': '2.0.1 (2b8ebba0cffecd479f296aaad82d8bec89355599)', 'pbs-masterkey': True, 'pbs-dirty-bitmap': True, 'backup-fleecing': True, 'query-bitmap-info': True}",10.1.2,"{'tap100i0': {'netin': 23749233, 'netout': 918131}}","local:iso/ubuntu-24.04.3-live-server-amd64.iso,media=cdrom,size=3226020K",1536,"creation-qemu=10.1.2,ctime=1770853142",0,virtio-scsi-single,40e6bb2d-24f5-4910-a09d-285bc1d29dec,1,"virtio=BC:24:11:DE:FC:CC,bridge=vmbr0,firewall=1",1,"local-lvm:vm-100-disk-0,iothread=1,size=30G",uuid=c1bc3497-dd62-401f-a3d5-f3cd73e82594,order=scsi0;ide2;net0,l26,fad89dd6df97105e5979d4429e81e6b4eaf44a30
2026-02-24,10:00:02,"{'backup-max-workers': True, 'pbs-dirty-bitmap-migration': True, 'pbs-dirty-bitmap-savevm': True, 'query-bitmap-info': True, 'backup-fleecing': True, 'pbs-dirty-bitmap': True, 'pbs-masterkey': True, 'pbs-library-version': '2.0.1 (2b8ebba0cffecd479f296aaad82d8bec89355599)', 'backup-access-api': True}",0,x86-64-v2-AES,0,932595,1610612736,"{'ide2': {'unmap_bytes': 0, 'idle_time_ns': 54161854914774, 'account_invalid': True, 'failed_unmap_operations': 0, 'wr_highest_offset': 0, 'unmap_operations': 0, 'flush_total_time_ns': 0, 'flush_operations': 0, 'wr_bytes': 0, 'zone_append_operations': 0, 'failed_zone_append_operations': 0, 'unmap_total_time_ns': 0, 'invalid_unmap_operations': 0, 'rd_bytes': 2158690, 'failed_flush_operations': 0, 'unmap_merged': 0, 'invalid_flush_operations': 0, 'rd_operations': 64, 'zone_append_total_time_ns': 0, 'failed_rd_operations': 0, 'invalid_wr_operations': 0, 'zone_append_bytes': 0, 'zone_append_merged': 0, 'wr_operations': 0, 'failed_wr_operations': 0, 'rd_merged': 0, 'invalid_rd_operations': 0, 'account_failed': True, 'rd_total_time_ns': 297379205, 'timed_stats': [], 'invalid_zone_append_operations': 0, 'wr_total_time_ns': 0, 'wr_merged': 0}, 'scsi0': {'rd_merged': 0, 'failed_wr_operations': 0, 'rd_total_time_ns': 64645632172, 'account_failed': True, 'invalid_rd_operations': 0, 'invalid_zone_append_operations': 0, 'wr_total_time_ns': 290086656921, 'timed_stats': [], 'wr_merged': 0, 'rd_operations': 14998, 'failed_rd_operations': 0, 'zone_append_total_time_ns': 0, 'zone_append_bytes': 0, 'invalid_wr_operations': 0, 'wr_operations': 53496, 'zone_append_merged': 0, 'wr_bytes': 725406720, 'zone_append_operations': 0, 'flush_operations': 3390, 'failed_zone_append_operations': 0, 'unmap_total_time_ns': 12087888, 'invalid_unmap_operations': 0, 'invalid_flush_operations': 0, 'unmap_merged': 0, 'rd_bytes': 632961536, 'failed_flush_operations': 0, 'unmap_bytes': 11627769856, 'failed_unmap_operations': 0, 'account_invalid': True, 'idle_time_ns': 20827097081, 'unmap_operations': 4339, 'wr_highest_offset': 15035666432, 'flush_total_time_ns': 1806245225}}",0,10.1.2,"{'tap100i0': {'netin': 24690625, 'netout': 932595}}",0,1610612736,Node1-Ubuntu,pc-i440fx-10.1+pve0,1216,645390336,1,running,56366,running,1,725406720,{'managed': 0},0,635120226,"{'major_page_faults': 1629, 'mem_swapped_out': 0, 'max_mem': 1610612736, 'mem_swapped_in': 0, 'minor_page_faults': 1072962, 'last_update': 1771927201, 'actual': 1610612736, 'free_mem': 645390336, 'total_mem': 1535107072}",0,32212254720,0,889716736,1099782144,100,24690625,1,"local-lvm:vm-100-disk-0,iothread=1,size=30G",order=scsi0;ide2;net0,uuid=c1bc3497-dd62-401f-a3d5-f3cd73e82594,l26,fad89dd6df97105e5979d4429e81e6b4eaf44a30,"local:iso/ubuntu-24.04.3-live-server-amd64.iso,media=cdrom,size=3226020K",1536,0,"creation-qemu=10.1.2,ctime=1770853142",40e6bb2d-24f5-4910-a09d-285bc1d29dec,1,virtio-scsi-single,"virtio=BC:24:11:DE:FC:CC,bridge=vmbr0,firewall=1"
2026-02-24,12:00:02,0,32212254720,1099782144,890228736,25678513,100,1,770282496,running,{'managed': 0},635120226,"{'free_mem': 644878336, 'total_mem': 1535107072, 'mem_swapped_in': 0, 'max_mem': 1610612736, 'mem_swapped_out': 0, 'major_page_faults': 1629, 'actual': 1610612736, 'last_update': 1771934399, 'minor_page_faults': 1117923}",0,0,0,Node1-Ubuntu,1610612736,1,644878336,1216,pc-i440fx-10.1+pve0,running,63566,0,"{'pbs-library-version': '2.0.1 (2b8ebba0cffecd479f296aaad82d8bec89355599)', 'pbs-masterkey': True, 'pbs-dirty-bitmap': True, 'backup-access-api': True, 'backup-fleecing': True, 'query-bitmap-info': True, 'pbs-dirty-bitmap-savevm': True, 'backup-max-workers': True, 'pbs-dirty-bitmap-migration': True}",0,"{'ide2': {'wr_merged': 0, 'invalid_zone_append_operations': 0, 'wr_total_time_ns': 0, 'timed_stats': [], 'account_failed': True, 'rd_total_time_ns': 297379205, 'invalid_rd_operations': 0, 'rd_merged': 0, 'failed_wr_operations': 0, 'wr_operations': 0, 'zone_append_merged': 0, 'zone_append_bytes': 0, 'invalid_wr_operations': 0, 'failed_rd_operations': 0, 'zone_append_total_time_ns': 0, 'rd_operations': 64, 'invalid_flush_operations': 0, 'failed_flush_operations': 0, 'rd_bytes': 2158690, 'unmap_merged': 0, 'invalid_unmap_operations': 0, 'unmap_total_time_ns': 0, 'failed_zone_append_operations': 0, 'flush_operations': 0, 'wr_bytes': 0, 'zone_append_operations': 0, 'flush_total_time_ns': 0, 'wr_highest_offset': 0, 'unmap_operations': 0, 'failed_unmap_operations': 0, 'account_invalid': True, 'idle_time_ns': 61361279805559, 'unmap_bytes': 0}, 'scsi0': {'wr_operations': 62029, 'zone_append_merged': 0, 'zone_append_bytes': 0, 'invalid_wr_operations': 0, 'failed_rd_operations': 0, 'zone_append_total_time_ns': 0, 'rd_operations': 14998, 'wr_merged': 0, 'invalid_zone_append_operations': 0, 'wr_total_time_ns': 323455623524, 'timed_stats': [], 'rd_total_time_ns': 64645632172, 'account_failed': True, 'invalid_rd_operations': 0, 'rd_merged': 0, 'failed_wr_operations': 0, 'flush_total_time_ns': 2049295828, 'unmap_operations': 4339, 'wr_highest_offset': 15035666432, 'failed_unmap_operations': 0, 'idle_time_ns': 5655248541, 'account_invalid': True, 'unmap_bytes': 11627769856, 'invalid_flush_operations': 0, 'unmap_merged': 0, 'rd_bytes': 632961536, 'failed_flush_operations': 0, 'invalid_unmap_operations': 0, 'failed_zone_append_operations': 0, 'unmap_total_time_ns': 12087888, 'zone_append_operations': 0, 'wr_bytes': 770282496, 'flush_operations': 3866}}",x86-64-v2-AES,0,944381,1610612736,"{'tap100i0': {'netin': 25678513, 'netout': 944381}}",10.1.2,"virtio=BC:24:11:DE:FC:CC,bridge=vmbr0,firewall=1",1,40e6bb2d-24f5-4910-a09d-285bc1d29dec,virtio-scsi-single,0,"creation-qemu=10.1.2,ctime=1770853142",1536,"local:iso/ubuntu-24.04.3-live-server-amd64.iso,media=cdrom,size=3226020K",fad89dd6df97105e5979d4429e81e6b4eaf44a30,l26,order=scsi0;ide2;net0,uuid=c1bc3497-dd62-401f-a3d5-f3cd73e82594,"local-lvm:vm-100-disk-0,iothread=1,size=30G",1
2026-02-24,13:00:02,{'managed': 0},1,791315456,running,0,0,"{'max_mem': 1610612736, 'mem_swapped_in': 0, 'major_page_faults': 1629, 'mem_swapped_out': 0, 'actual': 1610612736, 'minor_page_faults': 1140209, 'last_update': 1771938001, 'free_mem': 644620288, 'total_mem': 1535107072}",635120226,32212254720,0,100,26151603,890486784,1099782144,x86-64-v2-AES,0,950169,1610612736,"{'scsi0': {'invalid_flush_operations': 0, 'unmap_merged': 0, 'rd_bytes': 632961536, 'failed_flush_operations': 0, 'invalid_unmap_operations': 0, 'failed_zone_append_operations': 0, 'unmap_total_time_ns': 12087888, 'zone_append_operations': 0, 'wr_bytes': 791315456, 'flush_operations': 4095, 'flush_total_time_ns': 2164524385, 'unmap_operations': 4339, 'wr_highest_offset': 15035666432, 'failed_unmap_operations': 0, 'account_invalid': True, 'idle_time_ns': 6503277372, 'unmap_bytes': 11627769856, 'wr_merged': 0, 'invalid_zone_append_operations': 0, 'wr_total_time_ns': 344811190197, 'timed_stats': [], 'account_failed': True, 'rd_total_time_ns': 64645632172, 'invalid_rd_operations': 0, 'rd_merged': 0, 'failed_wr_operations': 0, 'wr_operations': 66002, 'zone_append_merged': 0, 'zone_append_bytes': 0, 'invalid_wr_operations': 0, 'failed_rd_operations': 0, 'zone_append_total_time_ns': 0, 'rd_operations': 14998}, 'ide2': {'unmap_total_time_ns': 0, 'failed_zone_append_operations': 0, 'flush_operations': 0, 'zone_append_operations': 0, 'wr_bytes': 0, 'invalid_flush_operations': 0, 'failed_flush_operations': 0, 'rd_bytes': 2158690, 'unmap_merged': 0, 'invalid_unmap_operations': 0, 'failed_unmap_operations': 0, 'account_invalid': True, 'idle_time_ns': 64961998790468, 'unmap_bytes': 0, 'flush_total_time_ns': 0, 'wr_highest_offset': 0, 'unmap_operations': 0, 'account_failed': True, 'rd_total_time_ns': 297379205, 'invalid_rd_operations': 0, 'rd_merged': 0, 'failed_wr_operations': 0, 'wr_merged': 0, 'wr_total_time_ns': 0, 'invalid_zone_append_operations': 0, 'timed_stats': [], 'failed_rd_operations': 0, 'zone_append_total_time_ns': 0, 'rd_operations': 64, 'wr_operations': 0, 'zone_append_merged': 0, 'zone_append_bytes': 0, 'invalid_wr_operations': 0}}",0,"{'backup-fleecing': True, 'query-bitmap-info': True, 'backup-access-api': True, 'pbs-dirty-bitmap': True, 'pbs-masterkey': True, 'pbs-library-version': '2.0.1 (2b8ebba0cffecd479f296aaad82d8bec89355599)', 'pbs-dirty-bitmap-migration': True, 'backup-max-workers': True, 'pbs-dirty-bitmap-savevm': True}",0,10.1.2,"{'tap100i0': {'netin': 26151603, 'netout': 950169}}",1610612736,Node1-Ubuntu,0,running,67166,pc-i440fx-10.1+pve0,644620288,1216,1,order=scsi0;ide2;net0,uuid=c1bc3497-dd62-401f-a3d5-f3cd73e82594,l26,fad89dd6df97105e5979d4429e81e6b4eaf44a30,1,"local-lvm:vm-100-disk-0,iothread=1,size=30G",virtio-scsi-single,1,40e6bb2d-24f5-4910-a09d-285bc1d29dec,"virtio=BC:24:11:DE:FC:CC,bridge=vmbr0,firewall=1","local:iso/ubuntu-24.04.3-live-server-amd64.iso,media=cdrom,size=3226020K",1536,0,"creation-qemu=10.1.2,ctime=1770853142"
2026-02-24,14:00:02,1309743104,1133256704,232006196,100,0,32212254720,635120226,"{'total_mem': 1535107072, 'free_mem': 401850368, 'minor_page_faults': 1396628, 'last_update': 1771941601, 'actual': 1610612736, 'major_page_faults': 1629, 'mem_swapped_out': 0, 'max_mem': 1610612736, 'mem_swapped_in': 0}",0,0,running,1,1345299456,{'managed': 0},1,1216,401850368,pc-i440fx-10.1+pve0,running,70766,0,Node1-Ubuntu,1610612736,"{'tap100i0': {'netin': 232006196, 'netout': 1231425}}",10.1.2,0,"{'query-bitmap-info': True, 'backup-fleecing': True, 'backup-access-api': True, 'pbs-library-version': '2.0.1 (2b8ebba0cffecd479f296aaad82d8bec89355599)', 'pbs-masterkey': True, 'pbs-dirty-bitmap': True, 'pbs-dirty-bitmap-migration': True, 'backup-max-workers': True, 'pbs-dirty-bitmap-savevm': True}",0,"{'scsi0': {'unmap_total_time_ns': 12087888, 'failed_zone_append_operations': 0, 'zone_append_operations': 0, 'wr_bytes': 1345299456, 'flush_operations': 4375, 'invalid_flush_operations': 0, 'unmap_merged': 0, 'rd_bytes': 632961536, 'failed_flush_operations': 0, 'invalid_unmap_operations': 0, 'failed_unmap_operations': 0, 'account_invalid': True, 'idle_time_ns': 9479688015, 'unmap_bytes': 11627769856, 'flush_total_time_ns': 2315881290, 'unmap_operations': 4339, 'wr_highest_offset': 15035666432, 'rd_total_time_ns': 64645632172, 'account_failed': True, 'invalid_rd_operations': 0, 'rd_merged': 0, 'failed_wr_operations': 0, 'wr_merged': 0, 'invalid_zone_append_operations': 0, 'wr_total_time_ns': 442547762664, 'timed_stats': [], 'failed_rd_operations': 0, 'zone_append_total_time_ns': 0, 'rd_operations': 14998, 'wr_operations': 71513, 'zone_append_merged': 0, 'zone_append_bytes': 0, 'invalid_wr_operations': 0}, 'ide2': {'zone_append_bytes': 0, 'invalid_wr_operations': 0, 'wr_operations': 0, 'zone_append_merged': 0, 'rd_operations': 64, 'failed_rd_operations': 0, 'zone_append_total_time_ns': 0, 'invalid_zone_append_operations': 0, 'wr_total_time_ns': 0, 'timed_stats': [], 'wr_merged': 0, 'rd_merged': 0, 'failed_wr_operations': 0, 'account_failed': True, 'rd_total_time_ns': 297379205, 'invalid_rd_operations': 0, 'wr_highest_offset': 0, 'unmap_operations': 0, 'flush_total_time_ns': 0, 'unmap_bytes': 0, 'failed_unmap_operations': 0, 'idle_time_ns': 68561776540582, 'account_invalid': True, 'invalid_unmap_operations': 0, 'invalid_flush_operations': 0, 'failed_flush_operations': 0, 'rd_bytes': 2158690, 'unmap_merged': 0, 'flush_operations': 0, 'zone_append_operations': 0, 'wr_bytes': 0, 'failed_zone_append_operations': 0, 'unmap_total_time_ns': 0}}",0,x86-64-v2-AES,1231425,1610612736,0,"creation-qemu=10.1.2,ctime=1770853142",1536,"local:iso/ubuntu-24.04.3-live-server-amd64.iso,media=cdrom,size=3226020K","virtio=BC:24:11:DE:FC:CC,bridge=vmbr0,firewall=1",virtio-scsi-single,40e6bb2d-24f5-4910-a09d-285bc1d29dec,1,"local-lvm:vm-100-disk-0,iothread=1,size=30G",1,fad89dd6df97105e5979d4429e81e6b4eaf44a30,l26,uuid=c1bc3497-dd62-401f-a3d5-f3cd73e82594,order=scsi0;ide2;net0
2026-02-24,15:00:02,10.1.2,"{'tap100i0': {'netout': 1237387, 'netin': 233905924}}",0,1237387,0,x86-64-v2-AES,1610612736,"{'scsi0': {'flush_total_time_ns': 2432022625, 'unmap_operations': 4339, 'wr_highest_offset': 15035666432, 'failed_unmap_operations': 0, 'idle_time_ns': 8329986815, 'account_invalid': True, 'unmap_bytes': 11627769856, 'invalid_flush_operations': 0, 'unmap_merged': 0, 'failed_flush_operations': 0, 'rd_bytes': 632961536, 'invalid_unmap_operations': 0, 'unmap_total_time_ns': 12087888, 'failed_zone_append_operations': 0, 'zone_append_operations': 0, 'wr_bytes': 1367712768, 'flush_operations': 4606, 'wr_operations': 75760, 'zone_append_merged': 0, 'zone_append_bytes': 0, 'invalid_wr_operations': 0, 'failed_rd_operations': 0, 'zone_append_total_time_ns': 0, 'rd_operations': 14998, 'wr_merged': 0, 'wr_total_time_ns': 457069004086, 'invalid_zone_append_operations': 0, 'timed_stats': [], 'account_failed': True, 'rd_total_time_ns': 64645632172, 'invalid_rd_operations': 0, 'rd_merged': 0, 'failed_wr_operations': 0}, 'ide2': {'wr_highest_offset': 0, 'unmap_operations': 0, 'flush_total_time_ns': 0, 'unmap_bytes': 0, 'account_invalid': True, 'idle_time_ns': 72161520256685, 'failed_unmap_operations': 0, 'invalid_unmap_operations': 0, 'failed_flush_operations': 0, 'rd_bytes': 2158690, 'unmap_merged': 0, 'invalid_flush_operations': 0, 'flush_operations': 0, 'wr_bytes': 0, 'zone_append_operations': 0, 'failed_zone_append_operations': 0, 'unmap_total_time_ns': 0, 'invalid_wr_operations': 0, 'zone_append_bytes': 0, 'zone_append_merged': 0, 'wr_operations': 0, 'rd_operations': 64, 'zone_append_total_time_ns': 0, 'failed_rd_operations': 0, 'timed_stats': [], 'wr_total_time_ns': 0, 'invalid_zone_append_operations': 0, 'wr_merged': 0, 'failed_wr_operations': 0, 'rd_merged': 0, 'invalid_rd_operations': 0, 'rd_total_time_ns': 297379205, 'account_failed': True}}",0,"{'query-bitmap-info': True, 'backup-fleecing': True, 'backup-access-api': True, 'pbs-masterkey': True, 'pbs-dirty-bitmap': True, 'pbs-library-version': '2.0.1 (2b8ebba0cffecd479f296aaad82d8bec89355599)', 'pbs-dirty-bitmap-migration': True, 'backup-max-workers': True, 'pbs-dirty-bitmap-savevm': True}",running,74366,1216,401596416,1,pc-i440fx-10.1+pve0,1610612736,Node1-Ubuntu,0,0,"{'mem_swapped_in': 0, 'max_mem': 1610612736, 'mem_swapped_out': 0, 'major_page_faults': 1630, 'actual': 1610612736, 'last_update': 1771945199, 'minor_page_faults': 1418886, 'free_mem': 401596416, 'total_mem': 1535107072}",635120226,0,{'managed': 0},1,1367712768,running,233905924,100,1133510656,1309743104,0,32212254720,"creation-qemu=10.1.2,ctime=1770853142",0,"local:iso/ubuntu-24.04.3-live-server-amd64.iso,media=cdrom,size=3226020K",1536,"virtio=BC:24:11:DE:FC:CC,bridge=vmbr0,firewall=1",virtio-scsi-single,40e6bb2d-24f5-4910-a09d-285bc1d29dec,1,"local-lvm:vm-100-disk-0,iothread=1,size=30G",1,l26,fad89dd6df97105e5979d4429e81e6b4eaf44a30,uuid=c1bc3497-dd62-401f-a3d5-f3cd73e82594,order=scsi0;ide2;net0
2026-02-24,16:00:02,"{'tap100i0': {'netin': 235799226, 'netout': 1243211}}",10.1.2,0,"{'scsi0': {'failed_wr_operations': 0, 'rd_merged': 0, 'invalid_rd_operations': 0, 'account_failed': True, 'rd_total_time_ns': 64645632172, 'timed_stats': [], 'invalid_zone_append_operations': 0, 'wr_total_time_ns': 471701348734, 'wr_merged': 0, 'rd_operations': 14998, 'zone_append_total_time_ns': 0, 'failed_rd_operations': 0, 'invalid_wr_operations': 0, 'zone_append_bytes': 0, 'zone_append_merged': 0, 'wr_operations': 79967, 'zone_append_operations': 0, 'wr_bytes': 1389978624, 'flush_operations': 4833, 'unmap_total_time_ns': 12087888, 'failed_zone_append_operations': 0, 'invalid_unmap_operations': 0, 'unmap_merged': 0, 'rd_bytes': 632961536, 'failed_flush_operations': 0, 'invalid_flush_operations': 0, 'unmap_bytes': 11627769856, 'account_invalid': True, 'idle_time_ns': 818403250, 'failed_unmap_operations': 0, 'unmap_operations': 4339, 'wr_highest_offset': 15035666432, 'flush_total_time_ns': 2544695703}, 'ide2': {'wr_merged': 0, 'invalid_zone_append_operations': 0, 'wr_total_time_ns': 0, 'timed_stats': [], 'account_failed': True, 'rd_total_time_ns': 297379205, 'invalid_rd_operations': 0, 'rd_merged': 0, 'failed_wr_operations': 0, 'wr_operations': 0, 'zone_append_merged': 0, 'zone_append_bytes': 0, 'invalid_wr_operations': 0, 'failed_rd_operations': 0, 'zone_append_total_time_ns': 0, 'rd_operations': 64, 'invalid_flush_operations': 0, 'failed_flush_operations': 0, 'rd_bytes': 2158690, 'unmap_merged': 0, 'invalid_unmap_operations': 0, 'failed_zone_append_operations': 0, 'unmap_total_time_ns': 0, 'flush_operations': 0, 'wr_bytes': 0, 'zone_append_operations': 0, 'flush_total_time_ns': 0, 'wr_highest_offset': 0, 'unmap_operations': 0, 'failed_unmap_operations': 0, 'idle_time_ns': 75761972592527, 'account_invalid': True, 'unmap_bytes': 0}}",0,x86-64-v2-AES,1243211,1610612736,0,"{'backup-max-workers': True, 'pbs-dirty-bitmap-migration': True, 'pbs-dirty-bitmap-savevm': True, 'query-bitmap-info': True, 'backup-fleecing': True, 'pbs-masterkey': True, 'pbs-library-version': '2.0.1 (2b8ebba0cffecd479f296aaad82d8bec89355599)', 'pbs-dirty-bitmap': True, 'backup-access-api': True}",77966,running,1,1216,401350656,pc-i440fx-10.1+pve0,Node1-Ubuntu,1610612736,0,0,"{'total_mem': 1535107072, 'free_mem': 401350656, 'last_update': 1771948801, 'minor_page_faults': 1441448, 'actual': 1610612736, 'mem_swapped_out': 0, 'major_page_faults': 1634, 'mem_swapped_in': 0, 'max_mem': 1610612736}",635120226,0,{'managed': 0},1389978624,1,running,235799226,100,1309744128,1133756416,0,32212254720,"local-lvm:vm-100-disk-0,iothread=1,size=30G",1,fad89dd6df97105e5979d4429e81e6b4eaf44a30,l26,order=scsi0;ide2;net0,uuid=c1bc3497-dd62-401f-a3d5-f3cd73e82594,0,"creation-qemu=10.1.2,ctime=1770853142",1536,"local:iso/ubuntu-24.04.3-live-server-amd64.iso,media=cdrom,size=3226020K","virtio=BC:24:11:DE:FC:CC,bridge=vmbr0,firewall=1",1,40e6bb2d-24f5-4910-a09d-285bc1d29dec,virtio-scsi-single
2026-02-24,16:27:53,"{'tap100i0': {'netout': 1246053, 'netin': 236678720}}",10.1.2,"{'scsi0': {'wr_highest_offset': 15035666432, 'unmap_operations': 4339, 'flush_total_time_ns': 2599715723, 'unmap_bytes': 11627769856, 'failed_unmap_operations': 0, 'idle_time_ns': 2390274697, 'account_invalid': True, 'invalid_unmap_operations': 0, 'invalid_flush_operations': 0, 'rd_bytes': 632961536, 'failed_flush_operations': 0, 'unmap_merged': 0, 'flush_operations': 4938, 'wr_bytes': 1400460288, 'zone_append_operations': 0, 'unmap_total_time_ns': 12087888, 'failed_zone_append_operations': 0, 'zone_append_bytes': 0, 'invalid_wr_operations': 0, 'wr_operations': 81943, 'zone_append_merged': 0, 'rd_operations': 14998, 'failed_rd_operations': 0, 'zone_append_total_time_ns': 0, 'invalid_zone_append_operations': 0, 'wr_total_time_ns': 480024822177, 'timed_stats': [], 'wr_merged': 0, 'rd_merged': 0, 'failed_wr_operations': 0, 'rd_total_time_ns': 64645632172, 'account_failed': True, 'invalid_rd_operations': 0}, 'ide2': {'invalid_wr_operations': 0, 'zone_append_bytes': 0, 'zone_append_merged': 0, 'wr_operations': 0, 'rd_operations': 64, 'zone_append_total_time_ns': 0, 'failed_rd_operations': 0, 'timed_stats': [], 'wr_total_time_ns': 0, 'invalid_zone_append_operations': 0, 'wr_merged': 0, 'failed_wr_operations': 0, 'rd_merged': 0, 'invalid_rd_operations': 0, 'rd_total_time_ns': 297379205, 'account_failed': True, 'wr_highest_offset': 0, 'unmap_operations': 0, 'flush_total_time_ns': 0, 'unmap_bytes': 0, 'account_invalid': True, 'idle_time_ns': 77433272381365, 'failed_unmap_operations': 0, 'invalid_unmap_operations': 0, 'rd_bytes': 2158690, 'failed_flush_operations': 0, 'unmap_merged': 0, 'invalid_flush_operations': 0, 'flush_operations': 0, 'zone_append_operations': 0, 'wr_bytes': 0, 'failed_zone_append_operations': 0, 'unmap_total_time_ns': 0}}",0,1246053,x86-64-v2-AES,1610612736,0,"{'pbs-dirty-bitmap-savevm': True, 'backup-max-workers': True, 'pbs-dirty-bitmap-migration': True, 'pbs-masterkey': True, 'pbs-library-version': '2.0.1 (2b8ebba0cffecd479f296aaad82d8bec89355599)', 'pbs-dirty-bitmap': True, 'backup-access-api': True, 'backup-fleecing': True, 'query-bitmap-info': True}",0,running,79638,pc-i440fx-10.1+pve0,1,416890880,1216,Node1-Ubuntu,1610612736,0,0,0,635120226,"{'free_mem': 416890880, 'total_mem': 1535107072, 'mem_swapped_out': 0, 'major_page_faults': 1634, 'max_mem': 1610612736, 'mem_swapped_in': 0, 'minor_page_faults': 1453762, 'last_update': 1771950471, 'actual': 1610612736}",{'managed': 0},running,1,1400460288,100,236678720,1309743104,1118216192,32212254720,0,"creation-qemu=10.1.2,ctime=1770853142",0,"local:iso/ubuntu-24.04.3-live-server-amd64.iso,media=cdrom,size=3226020K",1536,"virtio=BC:24:11:DE:FC:CC,bridge=vmbr0,firewall=1",virtio-scsi-single,1,40e6bb2d-24f5-4910-a09d-285bc1d29dec,1,"local-lvm:vm-100-disk-0,iothread=1,size=30G",l26,fad89dd6df97105e5979d4429e81e6b4eaf44a30,uuid=c1bc3497-dd62-401f-a3d5-f3cd73e82594,order=scsi0;ide2;net0
2026-02-24,18:00:10,"{'tap100i0': {'netin': 239617749, 'netout': 1258234}}",10.1.2,"{'pbs-dirty-bitmap-migration': True, 'backup-max-workers': True, 'pbs-dirty-bitmap-savevm': True, 'backup-fleecing': True, 'query-bitmap-info': True, 'backup-access-api': True, 'pbs-masterkey': True, 'pbs-dirty-bitmap': True, 'pbs-library-version': '2.0.1 (2b8ebba0cffecd479f296aaad82d8bec89355599)'}",0,"{'ide2': {'idle_time_ns': 82969300016868, 'account_invalid': True, 'failed_unmap_operations': 0, 'unmap_bytes': 0, 'flush_total_time_ns': 0, 'unmap_operations': 0, 'wr_highest_offset': 0, 'failed_zone_append_operations': 0, 'unmap_total_time_ns': 0, 'zone_append_operations': 0, 'wr_bytes': 0, 'flush_operations': 0, 'unmap_merged': 0, 'rd_bytes': 2158690, 'failed_flush_operations': 0, 'invalid_flush_operations': 0, 'invalid_unmap_operations': 0, 'zone_append_total_time_ns': 0, 'failed_rd_operations': 0, 'rd_operations': 64, 'zone_append_merged': 0, 'wr_operations': 0, 'invalid_wr_operations': 0, 'zone_append_bytes': 0, 'invalid_rd_operations': 0, 'account_failed': True, 'rd_total_time_ns': 297379205, 'failed_wr_operations': 0, 'rd_merged': 0, 'wr_merged': 0, 'timed_stats': [], 'wr_total_time_ns': 0, 'invalid_zone_append_operations': 0}, 'scsi0': {'unmap_total_time_ns': 12087888, 'failed_zone_append_operations': 0, 'flush_operations': 5311, 'wr_bytes': 1437320192, 'zone_append_operations': 0, 'invalid_flush_operations': 0, 'failed_flush_operations': 0, 'rd_bytes': 632965632, 'unmap_merged': 0, 'invalid_unmap_operations': 0, 'failed_unmap_operations': 0, 'idle_time_ns': 1648202014, 'account_invalid': True, 'unmap_bytes': 11627769856, 'flush_total_time_ns': 2789579477, 'wr_highest_offset': 15035666432, 'unmap_operations': 4339, 'account_failed': True, 'rd_total_time_ns': 64674055425, 'invalid_rd_operations': 0, 'rd_merged': 0, 'failed_wr_operations': 0, 'wr_merged': 0, 'invalid_zone_append_operations': 0, 'wr_total_time_ns': 520456260635, 'timed_stats': [], 'failed_rd_operations': 0, 'zone_append_total_time_ns': 0, 'rd_operations': 14999, 'wr_operations': 88936, 'zone_append_merged': 0, 'zone_append_bytes': 0, 'invalid_wr_operations': 0}}",0,1610612736,1258234,x86-64-v2-AES,0,pc-i440fx-10.1+pve0,1,1216,424660992,running,85174,0,Node1-Ubuntu,1610612736,0,635124322,"{'free_mem': 424660992, 'total_mem': 1535107072, 'max_mem': 1610612736, 'mem_swapped_in': 0, 'mem_swapped_out': 0, 'major_page_faults': 1635, 'actual': 1610612736, 'minor_page_faults': 1488511, 'last_update': 1771956008}",0,running,1,1437320192,{'managed': 0},1309733888,1110446080,100,239617749,32212254720,0,"virtio=BC:24:11:DE:FC:CC,bridge=vmbr0,firewall=1",40e6bb2d-24f5-4910-a09d-285bc1d29dec,1,virtio-scsi-single,"creation-qemu=10.1.2,ctime=1770853142",0,1536,"local:iso/ubuntu-24.04.3-live-server-amd64.iso,media=cdrom,size=3226020K",fad89dd6df97105e5979d4429e81e6b4eaf44a30,l26,order=scsi0;ide2;net0,uuid=c1bc3497-dd62-401f-a3d5-f3cd73e82594,1,"local-lvm:vm-100-disk-0,iothread=1,size=30G"
2026-02-24,19:00:04,running,88768,pc-i440fx-10.1+pve0,1,1216,428306432,Node1-Ubuntu,1610612736,0,"{'tap100i0': {'netin': 241359613, 'netout': 1265902}}",10.1.2,"{'ide2': {'invalid_unmap_operations': 0, 'rd_bytes': 2158690, 'failed_flush_operations': 0, 'unmap_merged': 0, 'invalid_flush_operations': 0, 'flush_operations': 0, 'wr_bytes': 0, 'zone_append_operations': 0, 'failed_zone_append_operations': 0, 'unmap_total_time_ns': 0, 'wr_highest_offset': 0, 'unmap_operations': 0, 'flush_total_time_ns': 0, 'unmap_bytes': 0, 'idle_time_ns': 86563207353776, 'account_invalid': True, 'failed_unmap_operations': 0, 'timed_stats': [], 'wr_total_time_ns': 0, 'invalid_zone_append_operations': 0, 'wr_merged': 0, 'failed_wr_operations': 0, 'rd_merged': 0, 'invalid_rd_operations': 0, 'rd_total_time_ns': 297379205, 'account_failed': True, 'invalid_wr_operations': 0, 'zone_append_bytes': 0, 'zone_append_merged': 0, 'wr_operations': 0, 'rd_operations': 64, 'zone_append_total_time_ns': 0, 'failed_rd_operations': 0}, 'scsi0': {'invalid_unmap_operations': 0, 'unmap_merged': 0, 'failed_flush_operations': 0, 'rd_bytes': 632965632, 'invalid_flush_operations': 0, 'wr_bytes': 1462563840, 'zone_append_operations': 0, 'flush_operations': 5553, 'failed_zone_append_operations': 0, 'unmap_total_time_ns': 12087888, 'unmap_operations': 4339, 'wr_highest_offset': 15035666432, 'flush_total_time_ns': 2912197241, 'unmap_bytes': 11627769856, 'idle_time_ns': 12053334142, 'account_invalid': True, 'failed_unmap_operations': 0, 'timed_stats': [], 'invalid_zone_append_operations': 0, 'wr_total_time_ns': 536469363239, 'wr_merged': 0, 'failed_wr_operations': 0, 'rd_merged': 0, 'invalid_rd_operations': 0, 'rd_total_time_ns': 64674055425, 'account_failed': True, 'invalid_wr_operations': 0, 'zone_append_bytes': 0, 'zone_append_merged': 0, 'wr_operations': 93477, 'rd_operations': 14999, 'zone_append_total_time_ns': 0, 'failed_rd_operations': 0}}",x86-64-v2-AES,0,1265902,1610612736,0,"{'pbs-dirty-bitmap-savevm': True, 'pbs-dirty-bitmap-migration': True, 'backup-max-workers': True, 'backup-access-api': True, 'pbs-masterkey': True, 'pbs-dirty-bitmap': True, 'pbs-library-version': '2.0.1 (2b8ebba0cffecd479f296aaad82d8bec89355599)', 'query-bitmap-info': True, 'backup-fleecing': True}",0,100,241359613,1309734912,1106800640,32212254720,0,0,0,635124322,"{'mem_swapped_out': 0, 'major_page_faults': 1635, 'max_mem': 1610612736, 'mem_swapped_in': 0, 'minor_page_faults': 1528679, 'last_update': 1771959602, 'actual': 1610612736, 'free_mem': 428306432, 'total_mem': 1535107072}",{'managed': 0},1,1462563840,running,virtio-scsi-single,40e6bb2d-24f5-4910-a09d-285bc1d29dec,1,"virtio=BC:24:11:DE:FC:CC,bridge=vmbr0,firewall=1",1536,"local:iso/ubuntu-24.04.3-live-server-amd64.iso,media=cdrom,size=3226020K","creation-qemu=10.1.2,ctime=1770853142",0,uuid=c1bc3497-dd62-401f-a3d5-f3cd73e82594,order=scsi0;ide2;net0,fad89dd6df97105e5979d4429e81e6b4eaf44a30,l26,"local-lvm:vm-100-disk-0,iothread=1,size=30G",1
2026-02-24,19:55:46,0,32212254720,243644852,100,1141538816,1366363136,{'managed': 0},1,running,1498887168,0,635124322,"{'mem_swapped_out': 0, 'major_page_faults': 1649, 'mem_swapped_in': 0, 'max_mem': 1610612736, 'last_update': 1771962946, 'minor_page_faults': 1621092, 'actual': 1610612736, 'free_mem': 393568256, 'total_mem': 1535107072}",0,1610612736,Node1-Ubuntu,0,running,92110,1216,393568256,1,pc-i440fx-10.1+pve0,0,0,1285183,x86-64-v2-AES,1610612736,"{'scsi0': {'rd_operations': 14999, 'failed_rd_operations': 0, 'zone_append_total_time_ns': 0, 'zone_append_bytes': 0, 'invalid_wr_operations': 0, 'wr_operations': 97221, 'zone_append_merged': 0, 'rd_merged': 0, 'failed_wr_operations': 0, 'rd_total_time_ns': 64674055425, 'account_failed': True, 'invalid_rd_operations': 0, 'wr_total_time_ns': 553963212993, 'invalid_zone_append_operations': 0, 'timed_stats': [], 'wr_merged': 0, 'unmap_bytes': 11627769856, 'failed_unmap_operations': 0, 'idle_time_ns': 14680184059, 'account_invalid': True, 'wr_highest_offset': 15035666432, 'unmap_operations': 4339, 'flush_total_time_ns': 3036275886, 'flush_operations': 5765, 'wr_bytes': 1498887168, 'zone_append_operations': 0, 'unmap_total_time_ns': 12087888, 'failed_zone_append_operations': 0, 'invalid_unmap_operations': 0, 'invalid_flush_operations': 0, 'rd_bytes': 632965632, 'failed_flush_operations': 0, 'unmap_merged': 0}, 'ide2': {'unmap_bytes': 0, 'account_invalid': True, 'idle_time_ns': 89906122367627, 'failed_unmap_operations': 0, 'wr_highest_offset': 0, 'unmap_operations': 0, 'flush_total_time_ns': 0, 'flush_operations': 0, 'wr_bytes': 0, 'zone_append_operations': 0, 'unmap_total_time_ns': 0, 'failed_zone_append_operations': 0, 'invalid_unmap_operations': 0, 'failed_flush_operations': 0, 'rd_bytes': 2158690, 'unmap_merged': 0, 'invalid_flush_operations': 0, 'rd_operations': 64, 'zone_append_total_time_ns': 0, 'failed_rd_operations': 0, 'invalid_wr_operations': 0, 'zone_append_bytes': 0, 'zone_append_merged': 0, 'wr_operations': 0, 'failed_wr_operations': 0, 'rd_merged': 0, 'invalid_rd_operations': 0, 'account_failed': True, 'rd_total_time_ns': 297379205, 'timed_stats': [], 'invalid_zone_append_operations': 0, 'wr_total_time_ns': 0, 'wr_merged': 0}}",0,"{'backup-max-workers': True, 'pbs-dirty-bitmap-migration': True, 'pbs-dirty-bitmap-savevm': True, 'query-bitmap-info': True, 'backup-fleecing': True, 'pbs-dirty-bitmap': True, 'pbs-masterkey': True, 'pbs-library-version': '2.0.1 (2b8ebba0cffecd479f296aaad82d8bec89355599)', 'backup-access-api': True}",10.1.2,"{'tap100i0': {'netin': 243644852, 'netout': 1285183}}",0,"creation-qemu=10.1.2,ctime=1770853142","local:iso/ubuntu-24.04.3-live-server-amd64.iso,media=cdrom,size=3226020K",1536,"virtio=BC:24:11:DE:FC:CC,bridge=vmbr0,firewall=1",40e6bb2d-24f5-4910-a09d-285bc1d29dec,1,virtio-scsi-single,"local-lvm:vm-100-disk-0,iothread=1,size=30G",1,l26,fad89dd6df97105e5979d4429e81e6b4eaf44a30,order=scsi0;ide2;net0,uuid=c1bc3497-dd62-401f-a3d5-f3cd73e82594
2026-02-24,22:00:06,pc-i440fx-10.1+pve0,1216,416374784,1,running,99570,0,1610612736,Node1-Ubuntu,10.1.2,"{'tap100i0': {'netin': 244612962, 'netout': 1297481}}","{'backup-access-api': True, 'pbs-library-version': '2.0.1 (2b8ebba0cffecd479f296aaad82d8bec89355599)', 'pbs-masterkey': True, 'pbs-dirty-bitmap': True, 'query-bitmap-info': True, 'backup-fleecing': True, 'pbs-dirty-bitmap-savevm': True, 'pbs-dirty-bitmap-migration': True, 'backup-max-workers': True}",0,0,x86-64-v2-AES,1297481,1610612736,"{'scsi0': {'wr_bytes': 1544500224, 'zone_append_operations': 0, 'flush_operations': 6232, 'unmap_total_time_ns': 12087888, 'failed_zone_append_operations': 0, 'invalid_unmap_operations': 0, 'unmap_merged': 0, 'failed_flush_operations': 0, 'rd_bytes': 632965632, 'invalid_flush_operations': 0, 'unmap_bytes': 11627769856, 'account_invalid': True, 'idle_time_ns': 24716415155, 'failed_unmap_operations': 0, 'unmap_operations': 4339, 'wr_highest_offset': 15035666432, 'flush_total_time_ns': 3306264442, 'failed_wr_operations': 0, 'rd_merged': 0, 'invalid_rd_operations': 0, 'account_failed': True, 'rd_total_time_ns': 64674055425, 'timed_stats': [], 'invalid_zone_append_operations': 0, 'wr_total_time_ns': 586271592775, 'wr_merged': 0, 'rd_operations': 14999, 'zone_append_total_time_ns': 0, 'failed_rd_operations': 0, 'invalid_wr_operations': 0, 'zone_append_bytes': 0, 'zone_append_merged': 0, 'wr_operations': 105862}, 'ide2': {'rd_merged': 0, 'failed_wr_operations': 0, 'rd_total_time_ns': 297379205, 'account_failed': True, 'invalid_rd_operations': 0, 'wr_total_time_ns': 0, 'invalid_zone_append_operations': 0, 'timed_stats': [], 'wr_merged': 0, 'rd_operations': 64, 'failed_rd_operations': 0, 'zone_append_total_time_ns': 0, 'zone_append_bytes': 0, 'invalid_wr_operations': 0, 'wr_operations': 0, 'zone_append_merged': 0, 'flush_operations': 0, 'zone_append_operations': 0, 'wr_bytes': 0, 'unmap_total_time_ns': 0, 'failed_zone_append_operations': 0, 'invalid_unmap_operations': 0, 'invalid_flush_operations': 0, 'rd_bytes': 2158690, 'failed_flush_operations': 0, 'unmap_merged': 0, 'unmap_bytes': 0, 'failed_unmap_operations': 0, 'account_invalid': True, 'idle_time_ns': 97365235857041, 'wr_highest_offset': 0, 'unmap_operations': 0, 'flush_total_time_ns': 0}}",0,1118732288,1366363136,100,244612962,32212254720,0,0,"{'free_mem': 416374784, 'total_mem': 1535107072, 'major_page_faults': 1650, 'mem_swapped_out': 0, 'mem_swapped_in': 0, 'max_mem': 1610612736, 'last_update': 1771970404, 'minor_page_faults': 1666394, 'actual': 1610612736}",635124322,0,1,1544500224,running,{'managed': 0},1536,"local:iso/ubuntu-24.04.3-live-server-amd64.iso,media=cdrom,size=3226020K",0,"creation-qemu=10.1.2,ctime=1770853142",virtio-scsi-single,40e6bb2d-24f5-4910-a09d-285bc1d29dec,1,"virtio=BC:24:11:DE:FC:CC,bridge=vmbr0,firewall=1",1,"local-lvm:vm-100-disk-0,iothread=1,size=30G",order=scsi0;ide2;net0,uuid=c1bc3497-dd62-401f-a3d5-f3cd73e82594,fad89dd6df97105e5979d4429e81e6b4eaf44a30,l26
